Title,Price,Url,Image
"Bumbumz 7.5 Inch Funday Bumz Set Of 6 - Troy, Freddy, Jason, Fannie, Peter, Bennet",$59.99,https://owlandgoosegifts.com/collections/bumbumz/products/bumbumz-7-5-inch-funday-bumz-set-of-6-troy-freddy-jason-fannie-peter-bennet,https://cdn.shopify.com/s/files/1/0268/1117/1011/files/FullSizeRender_80d32b6f-ddeb-418f-abf2-153a7583d31a.jpg?v=1698176830&width=275
"Bumbumz 7.5 Inch Kitchen Bumz Set Of 6 - Cabel, Pixie, Bonnie, Samora, Sergio, Phoenix",$59.99,https://owlandgoosegifts.com/collections/bumbumz/products/bumbumz-7-5-inch-kitchen-bumz-set-of-6-cabel-pixie-bonnie-samora-sergio-phoenix,https://cdn.shopify.com/s/files/1/0268/1117/1011/files/FullSizeRender_76fb4fa4-ad2c-4804-b6b0-90e9e808748d.jpg?v=1698176830&width=275
Bum Bumz 7.5 Inch Sergio The Slow Cooker Plush Toy,$10.99,https://owlandgoosegifts.com/collections/bumbumz/products/bum-bumz-7-5-inch-sergio-the-slow-cooker-plush-toy,https://cdn.shopify.com/s/files/1/0268/1117/1011/files/IMG-1657.jpg?v=1698176830&width=275
Bum Bumz 7.5 Inch Samara The Salt Plush Toy,$10.99,https://owlandgoosegifts.com/collections/bumbumz/products/bum-bumz-7-5-inch-samara-the-salt-plush-toy,https://cdn.shopify.com/s/files/1/0268/1117/1011/files/IMG-1656.jpg?v=1698176830&width=275
Bum Bumz 7.5 Inch Phoenix The Pepper Plush Toy,$10.99,https://owlandgoosegifts.com/collections/bumbumz/products/bum-bumz-7-5-inch-phoenix-the-pepper-plush-toy,https://cdn.shopify.com/s/files/1/0268/1117/1011/files/IMG-1649.jpg?v=1698176830&width=275
Bum Bumz 7.5 Inch Bonnie The Blender Plush Toy,$10.99,https://owlandgoosegifts.com/collections/bumbumz/products/bum-bumz-7-5-inch-bonnie-the-blender-plush-toy,https://cdn.shopify.com/s/files/1/0268/1117/1011/files/IMG-1653.jpg?v=1698176830&width=275
Bum Bumz 7.5 Inch Cabel The Chef Hat Plush Toy,$10.99,https://owlandgoosegifts.com/collections/bumbumz/products/bum-bumz-7-5-inch-cabel-the-chef-hat-plush-toy,https://cdn.shopify.com/s/files/1/0268/1117/1011/files/IMG-1654.jpg?v=1698176830&width=275
Bum Bumz 7.5 Inch Pixie The Pan Plush Toy,$10.99,https://owlandgoosegifts.com/collections/bumbumz/products/bum-bumz-7-5-inch-pixie-the-pan-plush-toy,https://cdn.shopify.com/s/files/1/0268/1117/1011/files/IMG-1655.jpg?v=1698176830&width=275
Bum Bumz 7.5 Inch Peter The Pig In A Blanket Plush Toy,$10.99,https://owlandgoosegifts.com/collections/bumbumz/products/bum-bumz-7-5-inch-peter-the-pig-in-a-blanket-plush-toy,https://cdn.shopify.com/s/files/1/0268/1117/1011/files/IMG-1651.jpg?v=1698176830&width=275
Bum Bumz 7.5 Inch Bennet The Blue Cheese Wing Plush Toy,$10.99,https://owlandgoosegifts.com/collections/bumbumz/products/bum-bumz-7-5-inch-bennet-the-blue-cheese-wing-plush-toy,https://cdn.shopify.com/s/files/1/0268/1117/1011/files/IMG-1650.jpg?v=1698176831&width=275
Bum Bumz 7.5 Inch Freddy The Football Plush Toy,$10.99,https://owlandgoosegifts.com/collections/bumbumz/products/bum-bumz-7-5-inch-freddy-the-football-plush-toy,https://cdn.shopify.com/s/files/1/0268/1117/1011/files/IMG-1652.jpg?v=1698176830&width=275
Bum Bumz 7.5 Inch Fannie The Foam Finger Plush Toy,$10.99,https://owlandgoosegifts.com/collections/bumbumz/products/bum-bumz-7-5-inch-fannie-the-foam-finger-plush-toy,https://cdn.shopify.com/s/files/1/0268/1117/1011/files/IMG-1646.jpg?v=1698176830&width=275
Bum Bumz 7.5 Inch Jason The Jar Of Nacho Cheese Plush Toy,$10.99,https://owlandgoosegifts.com/collections/bumbumz/products/bum-bumz-7-5-inch-jason-the-jar-of-nacho-cheese-plush-toy,https://cdn.shopify.com/s/files/1/0268/1117/1011/files/IMG-1647.jpg?v=1698176830&width=275
Bum Bumz 7.5 Inch Tory The Tortilla Chip Plush Toy,$10.99,https://owlandgoosegifts.com/collections/bumbumz/products/bum-bumz-7-5-inch-troy-the-tortilla-chip-plush-toy,https://cdn.shopify.com/s/files/1/0268/1117/1011/files/IMG-1648.jpg?v=1698176830&width=275
Bumbumz 7.5 Inch Picnic Bumz 2 Pack - Jenny And Sally,$21.98,https://owlandgoosegifts.com/collections/bumbumz/products/bumbumz-7-5-inch-picnic-bumz-2-pack-jenny-and-sally,https://cdn.shopify.com/s/files/1/0268/1117/1011/products/bumbumz-75-inch-picnic-bumz-2-pack-jenny-and-sally-530251.jpg?v=1695139094&width=275
Bumbumz 7.5 Inch Picnic Bumz 2 Pack - Jenny And Craig,$21.98,https://owlandgoosegifts.com/collections/bumbumz/products/bumbumz-7-5-inch-picnic-bumz-2-pack-jenny-and-craig,https://cdn.shopify.com/s/files/1/0268/1117/1011/products/bumbumz-75-inch-picnic-bumz-2-pack-jenny-and-craig-330858.jpg?v=1695139093&width=275
Bumbumz 7.5 Inch Picnic Bumz 2 Pack - Jenny And Olsen,$21.98,https://owlandgoosegifts.com/collections/bumbumz/products/bumbumz-7-5-inch-picnic-bumz-2-pack-jenny-and-olsen,https://cdn.shopify.com/s/files/1/0268/1117/1011/products/bumbumz-75-inch-picnic-bumz-2-pack-jenny-and-olsen-996843.jpg?v=1695139093&width=275
Bumbumz 7.5 Inch Picnic Bumz 2 Pack - Jenny And Blake,$21.98,https://owlandgoosegifts.com/collections/bumbumz/products/bumbumz-7-5-inch-picnic-bumz-2-pack-jenny-and-blake,https://cdn.shopify.com/s/files/1/0268/1117/1011/products/bumbumz-75-inch-picnic-bumz-2-pack-jenny-and-blake-346443.jpg?v=1695139093&width=275
"Bumbumz 7.5 Inch Groovy Bumz Set Of 6 - Petra, Randy, Giovanni, Faye, Demi, Vance",$59.99,https://owlandgoosegifts.com/collections/bumbumz/products/bumbumz-7-5-inch-groovy-bumz-set-of-6-petra-randy-giovanni-faye-demi-vance,https://cdn.shopify.com/s/files/1/0268/1117/1011/products/bbgroovyset-bumbumz-75-inch-groovy-bumz-set-of-6-petra-randy-giovanni-faye-demi-vance-415251.jpg?v=1695139093&width=275
"Bumbumz 7.5 Inch Takeout Bumz Set Of 6 - Spence, Rufus, Tim, Seth, Shah, Dylan",$59.99,https://owlandgoosegifts.com/collections/bumbumz/products/bumbumz-7-5-inch-takeout-bumz-set-of-6-spence-rufus-tim-seth-shah-dylan,https://cdn.shopify.com/s/files/1/0268/1117/1011/products/bbtakeoutset-bumbumz-75-inch-takeout-bumz-set-of-6-spence-rufus-tim-seth-shah-dylan-820083.jpg?v=1695139094&width=275
"Bumbumz 7.5 Inch Picnic Bumz Set Of 6 - Heidi, Craig, Blake, Jenny, Sally, Olsen",$59.99,https://owlandgoosegifts.com/collections/bumbumz/products/bumbumz-7-5-inch-picnic-bumz-set-of-6-heidi-craig-blake-jenny-sally-olsen,https://cdn.shopify.com/s/files/1/0268/1117/1011/products/bbpicnicset-bumbumz-75-inch-picnic-bumz-set-of-6-heidi-craig-blake-jenny-sally-olsen-176969.jpg?v=1695139094&width=275
Bum Bumz 7.5 Inch Randy The Record Groovy Bumz Plush Toy,$10.99,https://owlandgoosegifts.com/collections/bumbumz/products/bum-bumz-7-5-inch-randy-the-record-groovy-bumz-plush-toy,https://cdn.shopify.com/s/files/1/0268/1117/1011/products/bb-ranrec-bum-bumz-75-inch-randy-the-record-groovy-bumz-plush-toy-492565.jpg?v=1695139088&width=275
Bum Bumz 7.5 Inch Petra The Peace Sign Groovy Bumz Plush Toy,$10.99,https://owlandgoosegifts.com/collections/bumbumz/products/bum-bumz-7-5-inch-petra-the-peace-sign-groovy-bumz-plush-toy,https://cdn.shopify.com/s/files/1/0268/1117/1011/products/bb-petpea-bum-bumz-75-inch-petra-the-peace-sign-groovy-bumz-plush-toy-536406.jpg?v=1695139088&width=275
Bum Bumz 7.5 Inch Giovanni The Guitar Groovy Bumz Plush Toy,$10.99,https://owlandgoosegifts.com/collections/bumbumz/products/bum-bumz-7-5-inch-giovanni-the-guitar-groovy-bumz-plush-toy,https://cdn.shopify.com/s/files/1/0268/1117/1011/products/bb-giogui-bum-bumz-75-inch-giovanni-the-guitar-groovy-bumz-plush-toy-396859.jpg?v=1695139084&width=275
Bum Bumz 7.5 Inch Vance The Van Groovy Bumz Plush Toy,$10.99,https://owlandgoosegifts.com/collections/bumbumz/products/bum-bumz-7-5-inch-vance-the-van-groovy-bumz-plush-toy,https://cdn.shopify.com/s/files/1/0268/1117/1011/products/bb-vanvan-bum-bumz-75-inch-vance-the-van-groovy-bumz-plush-toy-559608.jpg?v=1695139092&width=275
Bum Bumz 7.5 Inch Faye The Tie Dye Flower Groovy Bumz Plush Toy,$10.99,https://owlandgoosegifts.com/collections/bumbumz/products/bum-bumz-7-5-inch-faye-the-tie-dye-flower-groovy-bumz-plush-toy,https://cdn.shopify.com/s/files/1/0268/1117/1011/products/bb-fayflo-bum-bumz-75-inch-faye-the-tie-dye-flower-groovy-bumz-plush-toy-516989.jpg?v=1695139084&width=275
Bum Bumz 7.5 Inch Demi The Disco Ball Groovy Bumz Plush Toy,$10.99,https://owlandgoosegifts.com/collections/bumbumz/products/bum-bumz-7-5-inch-demi-the-disco-ball-groovy-bumz-plush-toy,https://cdn.shopify.com/s/files/1/0268/1117/1011/products/bb-demdis-bum-bumz-75-inch-demi-the-disco-ball-groovy-bumz-plush-toy-181830.jpg?v=1695139080&width=275
Bum Bumz 7.5 Inch Rufus The Ramen Takeout Bumz Plush Toy,$10.99,https://owlandgoosegifts.com/collections/bumbumz/products/bum-bumz-7-5-inch-rufus-the-ramen-takeout-bumz-plush-toy,https://cdn.shopify.com/s/files/1/0268/1117/1011/products/bb-rufram-bum-bumz-75-inch-rufus-the-ramen-takeout-bumz-plush-toy-648698.jpg?v=1695139088&width=275
Bum Bumz 7.5 Inch Spence The Soy Sauce Takeout Bumz Plush Toy,$10.99,https://owlandgoosegifts.com/collections/bumbumz/products/bum-bumz-7-5-inch-spence-the-soy-sauce-takeout-bumz-plush-toy,https://cdn.shopify.com/s/files/1/0268/1117/1011/products/bb-spesoy-bum-bumz-75-inch-spence-the-soy-sauce-takeout-bumz-plush-toy-406628.jpg?v=1695139089&width=275
Bum Bumz 7.5 Inch Tim The Tempura Shrimp Takeout Bumz Plush Toy,$10.99,https://owlandgoosegifts.com/collections/bumbumz/products/bum-bumz-7-5-inch-tim-the-tempura-shrimp-takeout-bumz-plush-toy,https://cdn.shopify.com/s/files/1/0268/1117/1011/products/bb-timtem-bum-bumz-75-inch-tim-the-tempura-shrimp-takeout-bumz-plush-toy-511922.jpg?v=1695139097&width=275
Bum Bumz 7.5 Inch Seth The Sashimi Takeout Bumz Plush Toy,$10.99,https://owlandgoosegifts.com/collections/bumbumz/products/bum-bumz-7-5-inch-seth-the-sashimi-takeout-bumz-plush-toy,https://cdn.shopify.com/s/files/1/0268/1117/1011/products/bb-setsas-bum-bumz-75-inch-seth-the-sashimi-takeout-bumz-plush-toy-760427.jpg?v=1695139088&width=275
Bum Bumz 7.5 Inch Shah The Sushi Takeout Bumz Plush Toy,$10.99,https://owlandgoosegifts.com/collections/bumbumz/products/bum-bumz-7-5-inch-shah-the-sushi-takeout-bumz-plush-toy,https://cdn.shopify.com/s/files/1/0268/1117/1011/products/bb-shasus-bum-bumz-75-inch-shah-the-sushi-takeout-bumz-plush-toy-309070.jpg?v=1695139088&width=275
Bum Bumz 7.5 Inch Dylan The Dim Sum Takeout Bumz Plush Toy,$10.99,https://owlandgoosegifts.com/collections/bumbumz/products/bum-bumz-7-5-inch-dylan-the-dumpling-takeout-bumz-plush-toy,https://cdn.shopify.com/s/files/1/0268/1117/1011/products/bb-dyldum-bum-bumz-75-inch-dylan-the-dim-sum-takeout-bumz-plush-toy-484316.jpg?v=1695139081&width=275
Bum Bumz 7.5 Inch Sally The Salami Picnic Bumz Plush Toy,$10.99,https://owlandgoosegifts.com/collections/bumbumz/products/bum-bumz-7-5-inch-salty-the-sausage-picnic-bumz-plush-toy,https://cdn.shopify.com/s/files/1/0268/1117/1011/products/bb-salsau-bum-bumz-75-inch-sally-the-salami-picnic-bumz-plush-toy-466957.jpg?v=1695139087&width=275
Bum Bumz 7.5 Inch Olsen The Olive Picnic Bumz Plush Toy,$10.99,https://owlandgoosegifts.com/collections/bumbumz/products/bum-bumz-7-5-inch-olsen-the-olive-picnic-bumz-plush-toy,https://cdn.shopify.com/s/files/1/0268/1117/1011/products/bb-olsoli-bum-bumz-75-inch-olsen-the-olive-picnic-bumz-plush-toy-939494.webp?v=1695139088&width=275
Bum Bumz 7.5 Inch Craig The Cracker Picnic Bumz Plush Toy,$10.99,https://owlandgoosegifts.com/collections/bumbumz/products/bum-bumz-7-5-inch-claire-the-cookie-picnic-bumz-plush-toy,https://cdn.shopify.com/s/files/1/0268/1117/1011/products/bb-clacoo-bum-bumz-75-inch-craig-the-cracker-picnic-bumz-plush-toy-552182.jpg?v=1695139079&width=275
Bum Bumz 7.5 Inch Jenny The Jam Picnic Bumz Plush Toy,$10.99,https://owlandgoosegifts.com/collections/bumbumz/products/bum-bumz-7-5-inch-jenny-the-jam-picnic-bumz-plush-toy,https://cdn.shopify.com/s/files/1/0268/1117/1011/products/bb-jenjam-bum-bumz-75-inch-jenny-the-jam-picnic-bumz-plush-toy-123108.webp?v=1695139084&width=275
Bum Bumz 7.5 Inch Heidi The Honey Picnic Bumz Plush Toy,$10.99,https://owlandgoosegifts.com/collections/bumbumz/products/bum-bumz-7-5-inch-heidi-the-honey-picnic-bumz-plush-toy,https://cdn.shopify.com/s/files/1/0268/1117/1011/products/bb-heihon-bum-bumz-75-inch-heidi-the-honey-picnic-bumz-plush-toy-119361.jpg?v=1695139085&width=275
Bum Bumz 7.5 Inch Blake The Bleu Cheese Picnic Bumz Plush Toy,$10.99,https://owlandgoosegifts.com/collections/bumbumz/products/bum-bumz-7-5-inch-blake-the-bleu-cheese-picnic-bumz-plush-toy,https://cdn.shopify.com/s/files/1/0268/1117/1011/products/bb-blablu-bum-bumz-75-inch-blake-the-bleu-cheese-picnic-bumz-plush-toy-149811.jpg?v=1695139080&width=275
"Bumbumz 7.5 Inch Holiday Bumz Set Of 6 - Penelope, Marci, Gabrielle, Yano, Tinsel, Paulo",$54.99,https://owlandgoosegifts.com/collections/bumbumz/products/bumbumz-7-5-inch-holiday-bumz-set-of-6-cyrus-sunday-melissa-timothy-colton-pattie,https://cdn.shopify.com/s/files/1/0268/1117/1011/products/bumbumz-75-inch-holiday-bumz-set-of-6-penelope-marci-gabrielle-yano-tinsel-paulo-377168.jpg?v=1682524915&width=275
"Bumbumz 7.5 Inch Breakfast Bumz Set Of 6 - Cyrus, Sunday, Melissa, Timothy, Colton, Pattie",$54.99,https://owlandgoosegifts.com/collections/bumbumz/products/copy-of-bumbumz-7-5-inch-breakfast-bumz-set-of-6-cyrus-sunday-melissa-timothy-colton-pattie,https://cdn.shopify.com/s/files/1/0268/1117/1011/products/bb-bfastset-bumbumz-75-inch-breakfast-bumz-set-of-6-cyrus-sunday-melissa-timothy-colton-pattie-452562.jpg?v=1682524910&width=275
Bumbumz 7.5 Inch Sunny The Sunflower Yellow Flower Plush Toy,$9.99,https://owlandgoosegifts.com/collections/bumbumz/products/bumbumz-7-5-inch-sunny-the-sunflower-yellow-flower-plush-toy,https://cdn.shopify.com/s/files/1/0268/1117/1011/products/bb-sunsun-bumbumz-75-inch-sunny-the-sunflower-yellow-flower-plush-toy-605749.jpg?v=1682524918&width=275
Bumbumz 7.5 Inch Danielle The Daisy White Flower Plush Toy,$9.99,https://owlandgoosegifts.com/collections/bumbumz/products/bumbumz-7-5-inch-danielle-the-daisy-plush-toy,https://cdn.shopify.com/s/files/1/0268/1117/1011/products/bb-dandai-bumbumz-75-inch-danielle-the-daisy-white-flower-plush-toy-718413.jpg?v=1682524911&width=275
Bumbumz 7.5 Inch Mateo The Mushroom Plush Toy,$9.99,https://owlandgoosegifts.com/collections/bumbumz/products/bumbumz-7-5-inch-mateo-the-mushroom-plush-toy,https://cdn.shopify.com/s/files/1/0268/1117/1011/products/bb-matmus-bumbumz-75-inch-mateo-the-mushroom-plush-toy-661613.jpg?v=1682524916&width=275
Bumbumz 7.5 Inch Bianca The Bee Plush Toy,$9.99,https://owlandgoosegifts.com/collections/bumbumz/products/bumbumz-7-5-inch-bianca-the-bee-plush-toy,https://cdn.shopify.com/s/files/1/0268/1117/1011/products/bb-biabee-bumbumz-75-inch-bianca-the-bee-plush-toy-751401.jpg?v=1682524910&width=275
Bumbumz 7.5 Inch Greta The Gnome Plush Toy,$9.99,https://owlandgoosegifts.com/collections/bumbumz/products/bumbumz-7-5-inch-greta-the-gnome-plush-toy,https://cdn.shopify.com/s/files/1/0268/1117/1011/products/bb-gregno-bumbumz-75-inch-greta-the-gnome-plush-toy-891320.jpg?v=1682524912&width=275
Bumbumz 7.5 Inch Sullivan The Snail Plush Toy,$9.99,https://owlandgoosegifts.com/collections/bumbumz/products/bumbumz-7-5-inch-sullivan-the-snail-plush-toy,https://cdn.shopify.com/s/files/1/0268/1117/1011/products/bb-sulsna-bumbumz-75-inch-sullivan-the-snail-plush-toy-520444.jpg?v=1682524918&width=275
Bumbumz 7.5 Inch Melissa The Muffin Plush Toy,$9.99,https://owlandgoosegifts.com/collections/bumbumz/products/bumbumz-7-5-inch-melissa-the-muffin-plush-toy,https://cdn.shopify.com/s/files/1/0268/1117/1011/products/bb-melmuf-bumbumz-75-inch-melissa-the-muffin-plush-toy-220385.jpg?v=1682524917&width=275
"Bumbumz 7.5 Inch Funday Bumz Set Of 6 - Troy, Freddy, Jason, Fannie, Peter, Bennet",$59.99,https://owlandgoosegifts.com/collections/bumbumz/products/bumbumz-7-5-inch-funday-bumz-set-of-6-troy-freddy-jason-fannie-peter-bennet,https://cdn.shopify.com/s/files/1/0268/1117/1011/files/FullSizeRender_80d32b6f-ddeb-418f-abf2-153a7583d31a.jpg?v=1698176830&width=275
"Bumbumz 7.5 Inch Kitchen Bumz Set Of 6 - Cabel, Pixie, Bonnie, Samora, Sergio, Phoenix",$59.99,https://owlandgoosegifts.com/collections/bumbumz/products/bumbumz-7-5-inch-kitchen-bumz-set-of-6-cabel-pixie-bonnie-samora-sergio-phoenix,https://cdn.shopify.com/s/files/1/0268/1117/1011/files/FullSizeRender_76fb4fa4-ad2c-4804-b6b0-90e9e808748d.jpg?v=1698176830&width=275
Bum Bumz 7.5 Inch Sergio The Slow Cooker Plush Toy,$10.99,https://owlandgoosegifts.com/collections/bumbumz/products/bum-bumz-7-5-inch-sergio-the-slow-cooker-plush-toy,https://cdn.shopify.com/s/files/1/0268/1117/1011/files/IMG-1657.jpg?v=1698176830&width=275
Bum Bumz 7.5 Inch Samara The Salt Plush Toy,$10.99,https://owlandgoosegifts.com/collections/bumbumz/products/bum-bumz-7-5-inch-samara-the-salt-plush-toy,https://cdn.shopify.com/s/files/1/0268/1117/1011/files/IMG-1656.jpg?v=1698176830&width=275
Bum Bumz 7.5 Inch Phoenix The Pepper Plush Toy,$10.99,https://owlandgoosegifts.com/collections/bumbumz/products/bum-bumz-7-5-inch-phoenix-the-pepper-plush-toy,https://cdn.shopify.com/s/files/1/0268/1117/1011/files/IMG-1649.jpg?v=1698176830&width=275
Bum Bumz 7.5 Inch Bonnie The Blender Plush Toy,$10.99,https://owlandgoosegifts.com/collections/bumbumz/products/bum-bumz-7-5-inch-bonnie-the-blender-plush-toy,https://cdn.shopify.com/s/files/1/0268/1117/1011/files/IMG-1653.jpg?v=1698176830&width=275
Bum Bumz 7.5 Inch Cabel The Chef Hat Plush Toy,$10.99,https://owlandgoosegifts.com/collections/bumbumz/products/bum-bumz-7-5-inch-cabel-the-chef-hat-plush-toy,https://cdn.shopify.com/s/files/1/0268/1117/1011/files/IMG-1654.jpg?v=1698176830&width=275
Bum Bumz 7.5 Inch Pixie The Pan Plush Toy,$10.99,https://owlandgoosegifts.com/collections/bumbumz/products/bum-bumz-7-5-inch-pixie-the-pan-plush-toy,https://cdn.shopify.com/s/files/1/0268/1117/1011/files/IMG-1655.jpg?v=1698176830&width=275
Bum Bumz 7.5 Inch Peter The Pig In A Blanket Plush Toy,$10.99,https://owlandgoosegifts.com/collections/bumbumz/products/bum-bumz-7-5-inch-peter-the-pig-in-a-blanket-plush-toy,https://cdn.shopify.com/s/files/1/0268/1117/1011/files/IMG-1651.jpg?v=1698176830&width=275
Bum Bumz 7.5 Inch Bennet The Blue Cheese Wing Plush Toy,$10.99,https://owlandgoosegifts.com/collections/bumbumz/products/bum-bumz-7-5-inch-bennet-the-blue-cheese-wing-plush-toy,https://cdn.shopify.com/s/files/1/0268/1117/1011/files/IMG-1650.jpg?v=1698176831&width=275
Bum Bumz 7.5 Inch Freddy The Football Plush Toy,$10.99,https://owlandgoosegifts.com/collections/bumbumz/products/bum-bumz-7-5-inch-freddy-the-football-plush-toy,https://cdn.shopify.com/s/files/1/0268/1117/1011/files/IMG-1652.jpg?v=1698176830&width=275
Bum Bumz 7.5 Inch Fannie The Foam Finger Plush Toy,$10.99,https://owlandgoosegifts.com/collections/bumbumz/products/bum-bumz-7-5-inch-fannie-the-foam-finger-plush-toy,https://cdn.shopify.com/s/files/1/0268/1117/1011/files/IMG-1646.jpg?v=1698176830&width=275
Bum Bumz 7.5 Inch Jason The Jar Of Nacho Cheese Plush Toy,$10.99,https://owlandgoosegifts.com/collections/bumbumz/products/bum-bumz-7-5-inch-jason-the-jar-of-nacho-cheese-plush-toy,https://cdn.shopify.com/s/files/1/0268/1117/1011/files/IMG-1647.jpg?v=1698176830&width=275
Bum Bumz 7.5 Inch Tory The Tortilla Chip Plush Toy,$10.99,https://owlandgoosegifts.com/collections/bumbumz/products/bum-bumz-7-5-inch-troy-the-tortilla-chip-plush-toy,https://cdn.shopify.com/s/files/1/0268/1117/1011/files/IMG-1648.jpg?v=1698176830&width=275
Bumbumz 7.5 Inch Picnic Bumz 2 Pack - Jenny And Sally,$21.98,https://owlandgoosegifts.com/collections/bumbumz/products/bumbumz-7-5-inch-picnic-bumz-2-pack-jenny-and-sally,https://cdn.shopify.com/s/files/1/0268/1117/1011/products/bumbumz-75-inch-picnic-bumz-2-pack-jenny-and-sally-530251.jpg?v=1695139094&width=275
Bumbumz 7.5 Inch Picnic Bumz 2 Pack - Jenny And Craig,$21.98,https://owlandgoosegifts.com/collections/bumbumz/products/bumbumz-7-5-inch-picnic-bumz-2-pack-jenny-and-craig,https://cdn.shopify.com/s/files/1/0268/1117/1011/products/bumbumz-75-inch-picnic-bumz-2-pack-jenny-and-craig-330858.jpg?v=1695139093&width=275
Bumbumz 7.5 Inch Picnic Bumz 2 Pack - Jenny And Olsen,$21.98,https://owlandgoosegifts.com/collections/bumbumz/products/bumbumz-7-5-inch-picnic-bumz-2-pack-jenny-and-olsen,https://cdn.shopify.com/s/files/1/0268/1117/1011/products/bumbumz-75-inch-picnic-bumz-2-pack-jenny-and-olsen-996843.jpg?v=1695139093&width=275
Bumbumz 7.5 Inch Picnic Bumz 2 Pack - Jenny And Blake,$21.98,https://owlandgoosegifts.com/collections/bumbumz/products/bumbumz-7-5-inch-picnic-bumz-2-pack-jenny-and-blake,https://cdn.shopify.com/s/files/1/0268/1117/1011/products/bumbumz-75-inch-picnic-bumz-2-pack-jenny-and-blake-346443.jpg?v=1695139093&width=275
"Bumbumz 7.5 Inch Groovy Bumz Set Of 6 - Petra, Randy, Giovanni, Faye, Demi, Vance",$59.99,https://owlandgoosegifts.com/collections/bumbumz/products/bumbumz-7-5-inch-groovy-bumz-set-of-6-petra-randy-giovanni-faye-demi-vance,https://cdn.shopify.com/s/files/1/0268/1117/1011/products/bbgroovyset-bumbumz-75-inch-groovy-bumz-set-of-6-petra-randy-giovanni-faye-demi-vance-415251.jpg?v=1695139093&width=275
"Bumbumz 7.5 Inch Takeout Bumz Set Of 6 - Spence, Rufus, Tim, Seth, Shah, Dylan",$59.99,https://owlandgoosegifts.com/collections/bumbumz/products/bumbumz-7-5-inch-takeout-bumz-set-of-6-spence-rufus-tim-seth-shah-dylan,https://cdn.shopify.com/s/files/1/0268/1117/1011/products/bbtakeoutset-bumbumz-75-inch-takeout-bumz-set-of-6-spence-rufus-tim-seth-shah-dylan-820083.jpg?v=1695139094&width=275
"Bumbumz 7.5 Inch Picnic Bumz Set Of 6 - Heidi, Craig, Blake, Jenny, Sally, Olsen",$59.99,https://owlandgoosegifts.com/collections/bumbumz/products/bumbumz-7-5-inch-picnic-bumz-set-of-6-heidi-craig-blake-jenny-sally-olsen,https://cdn.shopify.com/s/files/1/0268/1117/1011/products/bbpicnicset-bumbumz-75-inch-picnic-bumz-set-of-6-heidi-craig-blake-jenny-sally-olsen-176969.jpg?v=1695139094&width=275
Bum Bumz 7.5 Inch Randy The Record Groovy Bumz Plush Toy,$10.99,https://owlandgoosegifts.com/collections/bumbumz/products/bum-bumz-7-5-inch-randy-the-record-groovy-bumz-plush-toy,https://cdn.shopify.com/s/files/1/0268/1117/1011/products/bb-ranrec-bum-bumz-75-inch-randy-the-record-groovy-bumz-plush-toy-492565.jpg?v=1695139088&width=275
Bum Bumz 7.5 Inch Petra The Peace Sign Groovy Bumz Plush Toy,$10.99,https://owlandgoosegifts.com/collections/bumbumz/products/bum-bumz-7-5-inch-petra-the-peace-sign-groovy-bumz-plush-toy,https://cdn.shopify.com/s/files/1/0268/1117/1011/products/bb-petpea-bum-bumz-75-inch-petra-the-peace-sign-groovy-bumz-plush-toy-536406.jpg?v=1695139088&width=275
Bum Bumz 7.5 Inch Giovanni The Guitar Groovy Bumz Plush Toy,$10.99,https://owlandgoosegifts.com/collections/bumbumz/products/bum-bumz-7-5-inch-giovanni-the-guitar-groovy-bumz-plush-toy,https://cdn.shopify.com/s/files/1/0268/1117/1011/products/bb-giogui-bum-bumz-75-inch-giovanni-the-guitar-groovy-bumz-plush-toy-396859.jpg?v=1695139084&width=275
Bum Bumz 7.5 Inch Vance The Van Groovy Bumz Plush Toy,$10.99,https://owlandgoosegifts.com/collections/bumbumz/products/bum-bumz-7-5-inch-vance-the-van-groovy-bumz-plush-toy,https://cdn.shopify.com/s/files/1/0268/1117/1011/products/bb-vanvan-bum-bumz-75-inch-vance-the-van-groovy-bumz-plush-toy-559608.jpg?v=1695139092&width=275
Bum Bumz 7.5 Inch Faye The Tie Dye Flower Groovy Bumz Plush Toy,$10.99,https://owlandgoosegifts.com/collections/bumbumz/products/bum-bumz-7-5-inch-faye-the-tie-dye-flower-groovy-bumz-plush-toy,https://cdn.shopify.com/s/files/1/0268/1117/1011/products/bb-fayflo-bum-bumz-75-inch-faye-the-tie-dye-flower-groovy-bumz-plush-toy-516989.jpg?v=1695139084&width=275
Bum Bumz 7.5 Inch Demi The Disco Ball Groovy Bumz Plush Toy,$10.99,https://owlandgoosegifts.com/collections/bumbumz/products/bum-bumz-7-5-inch-demi-the-disco-ball-groovy-bumz-plush-toy,https://cdn.shopify.com/s/files/1/0268/1117/1011/products/bb-demdis-bum-bumz-75-inch-demi-the-disco-ball-groovy-bumz-plush-toy-181830.jpg?v=1695139080&width=275
Bum Bumz 7.5 Inch Rufus The Ramen Takeout Bumz Plush Toy,$10.99,https://owlandgoosegifts.com/collections/bumbumz/products/bum-bumz-7-5-inch-rufus-the-ramen-takeout-bumz-plush-toy,https://cdn.shopify.com/s/files/1/0268/1117/1011/products/bb-rufram-bum-bumz-75-inch-rufus-the-ramen-takeout-bumz-plush-toy-648698.jpg?v=1695139088&width=275
Bum Bumz 7.5 Inch Spence The Soy Sauce Takeout Bumz Plush Toy,$10.99,https://owlandgoosegifts.com/collections/bumbumz/products/bum-bumz-7-5-inch-spence-the-soy-sauce-takeout-bumz-plush-toy,https://cdn.shopify.com/s/files/1/0268/1117/1011/products/bb-spesoy-bum-bumz-75-inch-spence-the-soy-sauce-takeout-bumz-plush-toy-406628.jpg?v=1695139089&width=275
Bum Bumz 7.5 Inch Tim The Tempura Shrimp Takeout Bumz Plush Toy,$10.99,https://owlandgoosegifts.com/collections/bumbumz/products/bum-bumz-7-5-inch-tim-the-tempura-shrimp-takeout-bumz-plush-toy,https://cdn.shopify.com/s/files/1/0268/1117/1011/products/bb-timtem-bum-bumz-75-inch-tim-the-tempura-shrimp-takeout-bumz-plush-toy-511922.jpg?v=1695139097&width=275
Bum Bumz 7.5 Inch Seth The Sashimi Takeout Bumz Plush Toy,$10.99,https://owlandgoosegifts.com/collections/bumbumz/products/bum-bumz-7-5-inch-seth-the-sashimi-takeout-bumz-plush-toy,https://cdn.shopify.com/s/files/1/0268/1117/1011/products/bb-setsas-bum-bumz-75-inch-seth-the-sashimi-takeout-bumz-plush-toy-760427.jpg?v=1695139088&width=275
Bum Bumz 7.5 Inch Shah The Sushi Takeout Bumz Plush Toy,$10.99,https://owlandgoosegifts.com/collections/bumbumz/products/bum-bumz-7-5-inch-shah-the-sushi-takeout-bumz-plush-toy,https://cdn.shopify.com/s/files/1/0268/1117/1011/products/bb-shasus-bum-bumz-75-inch-shah-the-sushi-takeout-bumz-plush-toy-309070.jpg?v=1695139088&width=275
Bum Bumz 7.5 Inch Dylan The Dim Sum Takeout Bumz Plush Toy,$10.99,https://owlandgoosegifts.com/collections/bumbumz/products/bum-bumz-7-5-inch-dylan-the-dumpling-takeout-bumz-plush-toy,https://cdn.shopify.com/s/files/1/0268/1117/1011/products/bb-dyldum-bum-bumz-75-inch-dylan-the-dim-sum-takeout-bumz-plush-toy-484316.jpg?v=1695139081&width=275
Bum Bumz 7.5 Inch Sally The Salami Picnic Bumz Plush Toy,$10.99,https://owlandgoosegifts.com/collections/bumbumz/products/bum-bumz-7-5-inch-salty-the-sausage-picnic-bumz-plush-toy,https://cdn.shopify.com/s/files/1/0268/1117/1011/products/bb-salsau-bum-bumz-75-inch-sally-the-salami-picnic-bumz-plush-toy-466957.jpg?v=1695139087&width=275
Bum Bumz 7.5 Inch Olsen The Olive Picnic Bumz Plush Toy,$10.99,https://owlandgoosegifts.com/collections/bumbumz/products/bum-bumz-7-5-inch-olsen-the-olive-picnic-bumz-plush-toy,https://cdn.shopify.com/s/files/1/0268/1117/1011/products/bb-olsoli-bum-bumz-75-inch-olsen-the-olive-picnic-bumz-plush-toy-939494.webp?v=1695139088&width=275
Bum Bumz 7.5 Inch Craig The Cracker Picnic Bumz Plush Toy,$10.99,https://owlandgoosegifts.com/collections/bumbumz/products/bum-bumz-7-5-inch-claire-the-cookie-picnic-bumz-plush-toy,https://cdn.shopify.com/s/files/1/0268/1117/1011/products/bb-clacoo-bum-bumz-75-inch-craig-the-cracker-picnic-bumz-plush-toy-552182.jpg?v=1695139079&width=275
Bum Bumz 7.5 Inch Jenny The Jam Picnic Bumz Plush Toy,$10.99,https://owlandgoosegifts.com/collections/bumbumz/products/bum-bumz-7-5-inch-jenny-the-jam-picnic-bumz-plush-toy,https://cdn.shopify.com/s/files/1/0268/1117/1011/products/bb-jenjam-bum-bumz-75-inch-jenny-the-jam-picnic-bumz-plush-toy-123108.webp?v=1695139084&width=275
Bum Bumz 7.5 Inch Heidi The Honey Picnic Bumz Plush Toy,$10.99,https://owlandgoosegifts.com/collections/bumbumz/products/bum-bumz-7-5-inch-heidi-the-honey-picnic-bumz-plush-toy,https://cdn.shopify.com/s/files/1/0268/1117/1011/products/bb-heihon-bum-bumz-75-inch-heidi-the-honey-picnic-bumz-plush-toy-119361.jpg?v=1695139085&width=275
Bum Bumz 7.5 Inch Blake The Bleu Cheese Picnic Bumz Plush Toy,$10.99,https://owlandgoosegifts.com/collections/bumbumz/products/bum-bumz-7-5-inch-blake-the-bleu-cheese-picnic-bumz-plush-toy,https://cdn.shopify.com/s/files/1/0268/1117/1011/products/bb-blablu-bum-bumz-75-inch-blake-the-bleu-cheese-picnic-bumz-plush-toy-149811.jpg?v=1695139080&width=275
"Bumbumz 7.5 Inch Holiday Bumz Set Of 6 - Penelope, Marci, Gabrielle, Yano, Tinsel, Paulo",$54.99,https://owlandgoosegifts.com/collections/bumbumz/products/bumbumz-7-5-inch-holiday-bumz-set-of-6-cyrus-sunday-melissa-timothy-colton-pattie,https://cdn.shopify.com/s/files/1/0268/1117/1011/products/bumbumz-75-inch-holiday-bumz-set-of-6-penelope-marci-gabrielle-yano-tinsel-paulo-377168.jpg?v=1682524915&width=275
"Bumbumz 7.5 Inch Breakfast Bumz Set Of 6 - Cyrus, Sunday, Melissa, Timothy, Colton, Pattie",$54.99,https://owlandgoosegifts.com/collections/bumbumz/products/copy-of-bumbumz-7-5-inch-breakfast-bumz-set-of-6-cyrus-sunday-melissa-timothy-colton-pattie,https://cdn.shopify.com/s/files/1/0268/1117/1011/products/bb-bfastset-bumbumz-75-inch-breakfast-bumz-set-of-6-cyrus-sunday-melissa-timothy-colton-pattie-452562.jpg?v=1682524910&width=275
Bumbumz 7.5 Inch Sunny The Sunflower Yellow Flower Plush Toy,$9.99,https://owlandgoosegifts.com/collections/bumbumz/products/bumbumz-7-5-inch-sunny-the-sunflower-yellow-flower-plush-toy,https://cdn.shopify.com/s/files/1/0268/1117/1011/products/bb-sunsun-bumbumz-75-inch-sunny-the-sunflower-yellow-flower-plush-toy-605749.jpg?v=1682524918&width=275
Bumbumz 7.5 Inch Danielle The Daisy White Flower Plush Toy,$9.99,https://owlandgoosegifts.com/collections/bumbumz/products/bumbumz-7-5-inch-danielle-the-daisy-plush-toy,https://cdn.shopify.com/s/files/1/0268/1117/1011/products/bb-dandai-bumbumz-75-inch-danielle-the-daisy-white-flower-plush-toy-718413.jpg?v=1682524911&width=275
Bumbumz 7.5 Inch Mateo The Mushroom Plush Toy,$9.99,https://owlandgoosegifts.com/collections/bumbumz/products/bumbumz-7-5-inch-mateo-the-mushroom-plush-toy,https://cdn.shopify.com/s/files/1/0268/1117/1011/products/bb-matmus-bumbumz-75-inch-mateo-the-mushroom-plush-toy-661613.jpg?v=1682524916&width=275
Bumbumz 7.5 Inch Bianca The Bee Plush Toy,$9.99,https://owlandgoosegifts.com/collections/bumbumz/products/bumbumz-7-5-inch-bianca-the-bee-plush-toy,https://cdn.shopify.com/s/files/1/0268/1117/1011/products/bb-biabee-bumbumz-75-inch-bianca-the-bee-plush-toy-751401.jpg?v=1682524910&width=275
Bumbumz 7.5 Inch Greta The Gnome Plush Toy,$9.99,https://owlandgoosegifts.com/collections/bumbumz/products/bumbumz-7-5-inch-greta-the-gnome-plush-toy,https://cdn.shopify.com/s/files/1/0268/1117/1011/products/bb-gregno-bumbumz-75-inch-greta-the-gnome-plush-toy-891320.jpg?v=1682524912&width=275
Bumbumz 7.5 Inch Sullivan The Snail Plush Toy,$9.99,https://owlandgoosegifts.com/collections/bumbumz/products/bumbumz-7-5-inch-sullivan-the-snail-plush-toy,https://cdn.shopify.com/s/files/1/0268/1117/1011/products/bb-sulsna-bumbumz-75-inch-sullivan-the-snail-plush-toy-520444.jpg?v=1682524918&width=275
Bumbumz 7.5 Inch Melissa The Muffin Plush Toy,$9.99,https://owlandgoosegifts.com/collections/bumbumz/products/bumbumz-7-5-inch-melissa-the-muffin-plush-toy,https://cdn.shopify.com/s/files/1/0268/1117/1011/products/bb-melmuf-bumbumz-75-inch-melissa-the-muffin-plush-toy-220385.jpg?v=1682524917&width=275
"Bumbumz 7.5 Inch Funday Bumz Set Of 6 - Troy, Freddy, Jason, Fannie, Peter, Bennet",$59.99,https://owlandgoosegifts.com/collections/bumbumz/products/bumbumz-7-5-inch-funday-bumz-set-of-6-troy-freddy-jason-fannie-peter-bennet,https://cdn.shopify.com/s/files/1/0268/1117/1011/files/FullSizeRender_80d32b6f-ddeb-418f-abf2-153a7583d31a.jpg?v=1698176830&width=275
"Bumbumz 7.5 Inch Kitchen Bumz Set Of 6 - Cabel, Pixie, Bonnie, Samora, Sergio, Phoenix",$59.99,https://owlandgoosegifts.com/collections/bumbumz/products/bumbumz-7-5-inch-kitchen-bumz-set-of-6-cabel-pixie-bonnie-samora-sergio-phoenix,https://cdn.shopify.com/s/files/1/0268/1117/1011/files/FullSizeRender_76fb4fa4-ad2c-4804-b6b0-90e9e808748d.jpg?v=1698176830&width=275
Bum Bumz 7.5 Inch Sergio The Slow Cooker Plush Toy,$10.99,https://owlandgoosegifts.com/collections/bumbumz/products/bum-bumz-7-5-inch-sergio-the-slow-cooker-plush-toy,https://cdn.shopify.com/s/files/1/0268/1117/1011/files/IMG-1657.jpg?v=1698176830&width=275
Bum Bumz 7.5 Inch Samara The Salt Plush Toy,$10.99,https://owlandgoosegifts.com/collections/bumbumz/products/bum-bumz-7-5-inch-samara-the-salt-plush-toy,https://cdn.shopify.com/s/files/1/0268/1117/1011/files/IMG-1656.jpg?v=1698176830&width=275
Bum Bumz 7.5 Inch Phoenix The Pepper Plush Toy,$10.99,https://owlandgoosegifts.com/collections/bumbumz/products/bum-bumz-7-5-inch-phoenix-the-pepper-plush-toy,https://cdn.shopify.com/s/files/1/0268/1117/1011/files/IMG-1649.jpg?v=1698176830&width=275
Bum Bumz 7.5 Inch Bonnie The Blender Plush Toy,$10.99,https://owlandgoosegifts.com/collections/bumbumz/products/bum-bumz-7-5-inch-bonnie-the-blender-plush-toy,https://cdn.shopify.com/s/files/1/0268/1117/1011/files/IMG-1653.jpg?v=1698176830&width=275
Bum Bumz 7.5 Inch Cabel The Chef Hat Plush Toy,$10.99,https://owlandgoosegifts.com/collections/bumbumz/products/bum-bumz-7-5-inch-cabel-the-chef-hat-plush-toy,https://cdn.shopify.com/s/files/1/0268/1117/1011/files/IMG-1654.jpg?v=1698176830&width=275
Bum Bumz 7.5 Inch Pixie The Pan Plush Toy,$10.99,https://owlandgoosegifts.com/collections/bumbumz/products/bum-bumz-7-5-inch-pixie-the-pan-plush-toy,https://cdn.shopify.com/s/files/1/0268/1117/1011/files/IMG-1655.jpg?v=1698176830&width=275
Bum Bumz 7.5 Inch Peter The Pig In A Blanket Plush Toy,$10.99,https://owlandgoosegifts.com/collections/bumbumz/products/bum-bumz-7-5-inch-peter-the-pig-in-a-blanket-plush-toy,https://cdn.shopify.com/s/files/1/0268/1117/1011/files/IMG-1651.jpg?v=1698176830&width=275
Bum Bumz 7.5 Inch Bennet The Blue Cheese Wing Plush Toy,$10.99,https://owlandgoosegifts.com/collections/bumbumz/products/bum-bumz-7-5-inch-bennet-the-blue-cheese-wing-plush-toy,https://cdn.shopify.com/s/files/1/0268/1117/1011/files/IMG-1650.jpg?v=1698176831&width=275
Bum Bumz 7.5 Inch Freddy The Football Plush Toy,$10.99,https://owlandgoosegifts.com/collections/bumbumz/products/bum-bumz-7-5-inch-freddy-the-football-plush-toy,https://cdn.shopify.com/s/files/1/0268/1117/1011/files/IMG-1652.jpg?v=1698176830&width=275
Bum Bumz 7.5 Inch Fannie The Foam Finger Plush Toy,$10.99,https://owlandgoosegifts.com/collections/bumbumz/products/bum-bumz-7-5-inch-fannie-the-foam-finger-plush-toy,https://cdn.shopify.com/s/files/1/0268/1117/1011/files/IMG-1646.jpg?v=1698176830&width=275
Bum Bumz 7.5 Inch Jason The Jar Of Nacho Cheese Plush Toy,$10.99,https://owlandgoosegifts.com/collections/bumbumz/products/bum-bumz-7-5-inch-jason-the-jar-of-nacho-cheese-plush-toy,https://cdn.shopify.com/s/files/1/0268/1117/1011/files/IMG-1647.jpg?v=1698176830&width=275
Bum Bumz 7.5 Inch Tory The Tortilla Chip Plush Toy,$10.99,https://owlandgoosegifts.com/collections/bumbumz/products/bum-bumz-7-5-inch-troy-the-tortilla-chip-plush-toy,https://cdn.shopify.com/s/files/1/0268/1117/1011/files/IMG-1648.jpg?v=1698176830&width=275
Bumbumz 7.5 Inch Picnic Bumz 2 Pack - Jenny And Sally,$21.98,https://owlandgoosegifts.com/collections/bumbumz/products/bumbumz-7-5-inch-picnic-bumz-2-pack-jenny-and-sally,https://cdn.shopify.com/s/files/1/0268/1117/1011/products/bumbumz-75-inch-picnic-bumz-2-pack-jenny-and-sally-530251.jpg?v=1695139094&width=275
Bumbumz 7.5 Inch Picnic Bumz 2 Pack - Jenny And Craig,$21.98,https://owlandgoosegifts.com/collections/bumbumz/products/bumbumz-7-5-inch-picnic-bumz-2-pack-jenny-and-craig,https://cdn.shopify.com/s/files/1/0268/1117/1011/products/bumbumz-75-inch-picnic-bumz-2-pack-jenny-and-craig-330858.jpg?v=1695139093&width=275
Bumbumz 7.5 Inch Picnic Bumz 2 Pack - Jenny And Olsen,$21.98,https://owlandgoosegifts.com/collections/bumbumz/products/bumbumz-7-5-inch-picnic-bumz-2-pack-jenny-and-olsen,https://cdn.shopify.com/s/files/1/0268/1117/1011/products/bumbumz-75-inch-picnic-bumz-2-pack-jenny-and-olsen-996843.jpg?v=1695139093&width=275
Bumbumz 7.5 Inch Picnic Bumz 2 Pack - Jenny And Blake,$21.98,https://owlandgoosegifts.com/collections/bumbumz/products/bumbumz-7-5-inch-picnic-bumz-2-pack-jenny-and-blake,https://cdn.shopify.com/s/files/1/0268/1117/1011/products/bumbumz-75-inch-picnic-bumz-2-pack-jenny-and-blake-346443.jpg?v=1695139093&width=275
"Bumbumz 7.5 Inch Groovy Bumz Set Of 6 - Petra, Randy, Giovanni, Faye, Demi, Vance",$59.99,https://owlandgoosegifts.com/collections/bumbumz/products/bumbumz-7-5-inch-groovy-bumz-set-of-6-petra-randy-giovanni-faye-demi-vance,https://cdn.shopify.com/s/files/1/0268/1117/1011/products/bbgroovyset-bumbumz-75-inch-groovy-bumz-set-of-6-petra-randy-giovanni-faye-demi-vance-415251.jpg?v=1695139093&width=275
"Bumbumz 7.5 Inch Takeout Bumz Set Of 6 - Spence, Rufus, Tim, Seth, Shah, Dylan",$59.99,https://owlandgoosegifts.com/collections/bumbumz/products/bumbumz-7-5-inch-takeout-bumz-set-of-6-spence-rufus-tim-seth-shah-dylan,https://cdn.shopify.com/s/files/1/0268/1117/1011/products/bbtakeoutset-bumbumz-75-inch-takeout-bumz-set-of-6-spence-rufus-tim-seth-shah-dylan-820083.jpg?v=1695139094&width=275
"Bumbumz 7.5 Inch Picnic Bumz Set Of 6 - Heidi, Craig, Blake, Jenny, Sally, Olsen",$59.99,https://owlandgoosegifts.com/collections/bumbumz/products/bumbumz-7-5-inch-picnic-bumz-set-of-6-heidi-craig-blake-jenny-sally-olsen,https://cdn.shopify.com/s/files/1/0268/1117/1011/products/bbpicnicset-bumbumz-75-inch-picnic-bumz-set-of-6-heidi-craig-blake-jenny-sally-olsen-176969.jpg?v=1695139094&width=275
Bum Bumz 7.5 Inch Randy The Record Groovy Bumz Plush Toy,$10.99,https://owlandgoosegifts.com/collections/bumbumz/products/bum-bumz-7-5-inch-randy-the-record-groovy-bumz-plush-toy,https://cdn.shopify.com/s/files/1/0268/1117/1011/products/bb-ranrec-bum-bumz-75-inch-randy-the-record-groovy-bumz-plush-toy-492565.jpg?v=1695139088&width=275
Bum Bumz 7.5 Inch Petra The Peace Sign Groovy Bumz Plush Toy,$10.99,https://owlandgoosegifts.com/collections/bumbumz/products/bum-bumz-7-5-inch-petra-the-peace-sign-groovy-bumz-plush-toy,https://cdn.shopify.com/s/files/1/0268/1117/1011/products/bb-petpea-bum-bumz-75-inch-petra-the-peace-sign-groovy-bumz-plush-toy-536406.jpg?v=1695139088&width=275
Bum Bumz 7.5 Inch Giovanni The Guitar Groovy Bumz Plush Toy,$10.99,https://owlandgoosegifts.com/collections/bumbumz/products/bum-bumz-7-5-inch-giovanni-the-guitar-groovy-bumz-plush-toy,https://cdn.shopify.com/s/files/1/0268/1117/1011/products/bb-giogui-bum-bumz-75-inch-giovanni-the-guitar-groovy-bumz-plush-toy-396859.jpg?v=1695139084&width=275
Bum Bumz 7.5 Inch Vance The Van Groovy Bumz Plush Toy,$10.99,https://owlandgoosegifts.com/collections/bumbumz/products/bum-bumz-7-5-inch-vance-the-van-groovy-bumz-plush-toy,https://cdn.shopify.com/s/files/1/0268/1117/1011/products/bb-vanvan-bum-bumz-75-inch-vance-the-van-groovy-bumz-plush-toy-559608.jpg?v=1695139092&width=275
Bum Bumz 7.5 Inch Faye The Tie Dye Flower Groovy Bumz Plush Toy,$10.99,https://owlandgoosegifts.com/collections/bumbumz/products/bum-bumz-7-5-inch-faye-the-tie-dye-flower-groovy-bumz-plush-toy,https://cdn.shopify.com/s/files/1/0268/1117/1011/products/bb-fayflo-bum-bumz-75-inch-faye-the-tie-dye-flower-groovy-bumz-plush-toy-516989.jpg?v=1695139084&width=275
Bum Bumz 7.5 Inch Demi The Disco Ball Groovy Bumz Plush Toy,$10.99,https://owlandgoosegifts.com/collections/bumbumz/products/bum-bumz-7-5-inch-demi-the-disco-ball-groovy-bumz-plush-toy,https://cdn.shopify.com/s/files/1/0268/1117/1011/products/bb-demdis-bum-bumz-75-inch-demi-the-disco-ball-groovy-bumz-plush-toy-181830.jpg?v=1695139080&width=275
Bum Bumz 7.5 Inch Rufus The Ramen Takeout Bumz Plush Toy,$10.99,https://owlandgoosegifts.com/collections/bumbumz/products/bum-bumz-7-5-inch-rufus-the-ramen-takeout-bumz-plush-toy,https://cdn.shopify.com/s/files/1/0268/1117/1011/products/bb-rufram-bum-bumz-75-inch-rufus-the-ramen-takeout-bumz-plush-toy-648698.jpg?v=1695139088&width=275
Bum Bumz 7.5 Inch Spence The Soy Sauce Takeout Bumz Plush Toy,$10.99,https://owlandgoosegifts.com/collections/bumbumz/products/bum-bumz-7-5-inch-spence-the-soy-sauce-takeout-bumz-plush-toy,https://cdn.shopify.com/s/files/1/0268/1117/1011/products/bb-spesoy-bum-bumz-75-inch-spence-the-soy-sauce-takeout-bumz-plush-toy-406628.jpg?v=1695139089&width=275
Bum Bumz 7.5 Inch Tim The Tempura Shrimp Takeout Bumz Plush Toy,$10.99,https://owlandgoosegifts.com/collections/bumbumz/products/bum-bumz-7-5-inch-tim-the-tempura-shrimp-takeout-bumz-plush-toy,https://cdn.shopify.com/s/files/1/0268/1117/1011/products/bb-timtem-bum-bumz-75-inch-tim-the-tempura-shrimp-takeout-bumz-plush-toy-511922.jpg?v=1695139097&width=275
Bum Bumz 7.5 Inch Seth The Sashimi Takeout Bumz Plush Toy,$10.99,https://owlandgoosegifts.com/collections/bumbumz/products/bum-bumz-7-5-inch-seth-the-sashimi-takeout-bumz-plush-toy,https://cdn.shopify.com/s/files/1/0268/1117/1011/products/bb-setsas-bum-bumz-75-inch-seth-the-sashimi-takeout-bumz-plush-toy-760427.jpg?v=1695139088&width=275
Bum Bumz 7.5 Inch Shah The Sushi Takeout Bumz Plush Toy,$10.99,https://owlandgoosegifts.com/collections/bumbumz/products/bum-bumz-7-5-inch-shah-the-sushi-takeout-bumz-plush-toy,https://cdn.shopify.com/s/files/1/0268/1117/1011/products/bb-shasus-bum-bumz-75-inch-shah-the-sushi-takeout-bumz-plush-toy-309070.jpg?v=1695139088&width=275
Bum Bumz 7.5 Inch Dylan The Dim Sum Takeout Bumz Plush Toy,$10.99,https://owlandgoosegifts.com/collections/bumbumz/products/bum-bumz-7-5-inch-dylan-the-dumpling-takeout-bumz-plush-toy,https://cdn.shopify.com/s/files/1/0268/1117/1011/products/bb-dyldum-bum-bumz-75-inch-dylan-the-dim-sum-takeout-bumz-plush-toy-484316.jpg?v=1695139081&width=275
Bum Bumz 7.5 Inch Sally The Salami Picnic Bumz Plush Toy,$10.99,https://owlandgoosegifts.com/collections/bumbumz/products/bum-bumz-7-5-inch-salty-the-sausage-picnic-bumz-plush-toy,https://cdn.shopify.com/s/files/1/0268/1117/1011/products/bb-salsau-bum-bumz-75-inch-sally-the-salami-picnic-bumz-plush-toy-466957.jpg?v=1695139087&width=275
Bum Bumz 7.5 Inch Olsen The Olive Picnic Bumz Plush Toy,$10.99,https://owlandgoosegifts.com/collections/bumbumz/products/bum-bumz-7-5-inch-olsen-the-olive-picnic-bumz-plush-toy,https://cdn.shopify.com/s/files/1/0268/1117/1011/products/bb-olsoli-bum-bumz-75-inch-olsen-the-olive-picnic-bumz-plush-toy-939494.webp?v=1695139088&width=275
Bum Bumz 7.5 Inch Craig The Cracker Picnic Bumz Plush Toy,$10.99,https://owlandgoosegifts.com/collections/bumbumz/products/bum-bumz-7-5-inch-claire-the-cookie-picnic-bumz-plush-toy,https://cdn.shopify.com/s/files/1/0268/1117/1011/products/bb-clacoo-bum-bumz-75-inch-craig-the-cracker-picnic-bumz-plush-toy-552182.jpg?v=1695139079&width=275
Bum Bumz 7.5 Inch Jenny The Jam Picnic Bumz Plush Toy,$10.99,https://owlandgoosegifts.com/collections/bumbumz/products/bum-bumz-7-5-inch-jenny-the-jam-picnic-bumz-plush-toy,https://cdn.shopify.com/s/files/1/0268/1117/1011/products/bb-jenjam-bum-bumz-75-inch-jenny-the-jam-picnic-bumz-plush-toy-123108.webp?v=1695139084&width=275
Bum Bumz 7.5 Inch Heidi The Honey Picnic Bumz Plush Toy,$10.99,https://owlandgoosegifts.com/collections/bumbumz/products/bum-bumz-7-5-inch-heidi-the-honey-picnic-bumz-plush-toy,https://cdn.shopify.com/s/files/1/0268/1117/1011/products/bb-heihon-bum-bumz-75-inch-heidi-the-honey-picnic-bumz-plush-toy-119361.jpg?v=1695139085&width=275
Bum Bumz 7.5 Inch Blake The Bleu Cheese Picnic Bumz Plush Toy,$10.99,https://owlandgoosegifts.com/collections/bumbumz/products/bum-bumz-7-5-inch-blake-the-bleu-cheese-picnic-bumz-plush-toy,https://cdn.shopify.com/s/files/1/0268/1117/1011/products/bb-blablu-bum-bumz-75-inch-blake-the-bleu-cheese-picnic-bumz-plush-toy-149811.jpg?v=1695139080&width=275
"Bumbumz 7.5 Inch Holiday Bumz Set Of 6 - Penelope, Marci, Gabrielle, Yano, Tinsel, Paulo",$54.99,https://owlandgoosegifts.com/collections/bumbumz/products/bumbumz-7-5-inch-holiday-bumz-set-of-6-cyrus-sunday-melissa-timothy-colton-pattie,https://cdn.shopify.com/s/files/1/0268/1117/1011/products/bumbumz-75-inch-holiday-bumz-set-of-6-penelope-marci-gabrielle-yano-tinsel-paulo-377168.jpg?v=1682524915&width=275
"Bumbumz 7.5 Inch Breakfast Bumz Set Of 6 - Cyrus, Sunday, Melissa, Timothy, Colton, Pattie",$54.99,https://owlandgoosegifts.com/collections/bumbumz/products/copy-of-bumbumz-7-5-inch-breakfast-bumz-set-of-6-cyrus-sunday-melissa-timothy-colton-pattie,https://cdn.shopify.com/s/files/1/0268/1117/1011/products/bb-bfastset-bumbumz-75-inch-breakfast-bumz-set-of-6-cyrus-sunday-melissa-timothy-colton-pattie-452562.jpg?v=1682524910&width=275
Bumbumz 7.5 Inch Sunny The Sunflower Yellow Flower Plush Toy,$9.99,https://owlandgoosegifts.com/collections/bumbumz/products/bumbumz-7-5-inch-sunny-the-sunflower-yellow-flower-plush-toy,https://cdn.shopify.com/s/files/1/0268/1117/1011/products/bb-sunsun-bumbumz-75-inch-sunny-the-sunflower-yellow-flower-plush-toy-605749.jpg?v=1682524918&width=275
Bumbumz 7.5 Inch Danielle The Daisy White Flower Plush Toy,$9.99,https://owlandgoosegifts.com/collections/bumbumz/products/bumbumz-7-5-inch-danielle-the-daisy-plush-toy,https://cdn.shopify.com/s/files/1/0268/1117/1011/products/bb-dandai-bumbumz-75-inch-danielle-the-daisy-white-flower-plush-toy-718413.jpg?v=1682524911&width=275
Bumbumz 7.5 Inch Mateo The Mushroom Plush Toy,$9.99,https://owlandgoosegifts.com/collections/bumbumz/products/bumbumz-7-5-inch-mateo-the-mushroom-plush-toy,https://cdn.shopify.com/s/files/1/0268/1117/1011/products/bb-matmus-bumbumz-75-inch-mateo-the-mushroom-plush-toy-661613.jpg?v=1682524916&width=275
Bumbumz 7.5 Inch Bianca The Bee Plush Toy,$9.99,https://owlandgoosegifts.com/collections/bumbumz/products/bumbumz-7-5-inch-bianca-the-bee-plush-toy,https://cdn.shopify.com/s/files/1/0268/1117/1011/products/bb-biabee-bumbumz-75-inch-bianca-the-bee-plush-toy-751401.jpg?v=1682524910&width=275
Bumbumz 7.5 Inch Greta The Gnome Plush Toy,$9.99,https://owlandgoosegifts.com/collections/bumbumz/products/bumbumz-7-5-inch-greta-the-gnome-plush-toy,https://cdn.shopify.com/s/files/1/0268/1117/1011/products/bb-gregno-bumbumz-75-inch-greta-the-gnome-plush-toy-891320.jpg?v=1682524912&width=275
Bumbumz 7.5 Inch Sullivan The Snail Plush Toy,$9.99,https://owlandgoosegifts.com/collections/bumbumz/products/bumbumz-7-5-inch-sullivan-the-snail-plush-toy,https://cdn.shopify.com/s/files/1/0268/1117/1011/products/bb-sulsna-bumbumz-75-inch-sullivan-the-snail-plush-toy-520444.jpg?v=1682524918&width=275
Bumbumz 7.5 Inch Melissa The Muffin Plush Toy,$9.99,https://owlandgoosegifts.com/collections/bumbumz/products/bumbumz-7-5-inch-melissa-the-muffin-plush-toy,https://cdn.shopify.com/s/files/1/0268/1117/1011/products/bb-melmuf-bumbumz-75-inch-melissa-the-muffin-plush-toy-220385.jpg?v=1682524917&width=275
"Bumbumz 7.5 Inch Funday Bumz Set Of 6 - Troy, Freddy, Jason, Fannie, Peter, Bennet",$59.99,https://owlandgoosegifts.com/collections/bumbumz/products/bumbumz-7-5-inch-funday-bumz-set-of-6-troy-freddy-jason-fannie-peter-bennet,https://cdn.shopify.com/s/files/1/0268/1117/1011/files/FullSizeRender_80d32b6f-ddeb-418f-abf2-153a7583d31a.jpg?v=1698176830&width=275
"Bumbumz 7.5 Inch Kitchen Bumz Set Of 6 - Cabel, Pixie, Bonnie, Samora, Sergio, Phoenix",$59.99,https://owlandgoosegifts.com/collections/bumbumz/products/bumbumz-7-5-inch-kitchen-bumz-set-of-6-cabel-pixie-bonnie-samora-sergio-phoenix,https://cdn.shopify.com/s/files/1/0268/1117/1011/files/FullSizeRender_76fb4fa4-ad2c-4804-b6b0-90e9e808748d.jpg?v=1698176830&width=275
Bum Bumz 7.5 Inch Sergio The Slow Cooker Plush Toy,$10.99,https://owlandgoosegifts.com/collections/bumbumz/products/bum-bumz-7-5-inch-sergio-the-slow-cooker-plush-toy,https://cdn.shopify.com/s/files/1/0268/1117/1011/files/IMG-1657.jpg?v=1698176830&width=275
Bum Bumz 7.5 Inch Samara The Salt Plush Toy,$10.99,https://owlandgoosegifts.com/collections/bumbumz/products/bum-bumz-7-5-inch-samara-the-salt-plush-toy,https://cdn.shopify.com/s/files/1/0268/1117/1011/files/IMG-1656.jpg?v=1698176830&width=275
Bum Bumz 7.5 Inch Phoenix The Pepper Plush Toy,$10.99,https://owlandgoosegifts.com/collections/bumbumz/products/bum-bumz-7-5-inch-phoenix-the-pepper-plush-toy,https://cdn.shopify.com/s/files/1/0268/1117/1011/files/IMG-1649.jpg?v=1698176830&width=275
Bum Bumz 7.5 Inch Bonnie The Blender Plush Toy,$10.99,https://owlandgoosegifts.com/collections/bumbumz/products/bum-bumz-7-5-inch-bonnie-the-blender-plush-toy,https://cdn.shopify.com/s/files/1/0268/1117/1011/files/IMG-1653.jpg?v=1698176830&width=275
Bum Bumz 7.5 Inch Cabel The Chef Hat Plush Toy,$10.99,https://owlandgoosegifts.com/collections/bumbumz/products/bum-bumz-7-5-inch-cabel-the-chef-hat-plush-toy,https://cdn.shopify.com/s/files/1/0268/1117/1011/files/IMG-1654.jpg?v=1698176830&width=275
Bum Bumz 7.5 Inch Pixie The Pan Plush Toy,$10.99,https://owlandgoosegifts.com/collections/bumbumz/products/bum-bumz-7-5-inch-pixie-the-pan-plush-toy,https://cdn.shopify.com/s/files/1/0268/1117/1011/files/IMG-1655.jpg?v=1698176830&width=275
Bum Bumz 7.5 Inch Peter The Pig In A Blanket Plush Toy,$10.99,https://owlandgoosegifts.com/collections/bumbumz/products/bum-bumz-7-5-inch-peter-the-pig-in-a-blanket-plush-toy,https://cdn.shopify.com/s/files/1/0268/1117/1011/files/IMG-1651.jpg?v=1698176830&width=275
Bum Bumz 7.5 Inch Bennet The Blue Cheese Wing Plush Toy,$10.99,https://owlandgoosegifts.com/collections/bumbumz/products/bum-bumz-7-5-inch-bennet-the-blue-cheese-wing-plush-toy,https://cdn.shopify.com/s/files/1/0268/1117/1011/files/IMG-1650.jpg?v=1698176831&width=275
Bum Bumz 7.5 Inch Freddy The Football Plush Toy,$10.99,https://owlandgoosegifts.com/collections/bumbumz/products/bum-bumz-7-5-inch-freddy-the-football-plush-toy,https://cdn.shopify.com/s/files/1/0268/1117/1011/files/IMG-1652.jpg?v=1698176830&width=275
Bum Bumz 7.5 Inch Fannie The Foam Finger Plush Toy,$10.99,https://owlandgoosegifts.com/collections/bumbumz/products/bum-bumz-7-5-inch-fannie-the-foam-finger-plush-toy,https://cdn.shopify.com/s/files/1/0268/1117/1011/files/IMG-1646.jpg?v=1698176830&width=275
Bum Bumz 7.5 Inch Jason The Jar Of Nacho Cheese Plush Toy,$10.99,https://owlandgoosegifts.com/collections/bumbumz/products/bum-bumz-7-5-inch-jason-the-jar-of-nacho-cheese-plush-toy,https://cdn.shopify.com/s/files/1/0268/1117/1011/files/IMG-1647.jpg?v=1698176830&width=275
Bum Bumz 7.5 Inch Tory The Tortilla Chip Plush Toy,$10.99,https://owlandgoosegifts.com/collections/bumbumz/products/bum-bumz-7-5-inch-troy-the-tortilla-chip-plush-toy,https://cdn.shopify.com/s/files/1/0268/1117/1011/files/IMG-1648.jpg?v=1698176830&width=275
Bumbumz 7.5 Inch Picnic Bumz 2 Pack - Jenny And Sally,$21.98,https://owlandgoosegifts.com/collections/bumbumz/products/bumbumz-7-5-inch-picnic-bumz-2-pack-jenny-and-sally,https://cdn.shopify.com/s/files/1/0268/1117/1011/products/bumbumz-75-inch-picnic-bumz-2-pack-jenny-and-sally-530251.jpg?v=1695139094&width=275
Bumbumz 7.5 Inch Picnic Bumz 2 Pack - Jenny And Craig,$21.98,https://owlandgoosegifts.com/collections/bumbumz/products/bumbumz-7-5-inch-picnic-bumz-2-pack-jenny-and-craig,https://cdn.shopify.com/s/files/1/0268/1117/1011/products/bumbumz-75-inch-picnic-bumz-2-pack-jenny-and-craig-330858.jpg?v=1695139093&width=275
Bumbumz 7.5 Inch Picnic Bumz 2 Pack - Jenny And Olsen,$21.98,https://owlandgoosegifts.com/collections/bumbumz/products/bumbumz-7-5-inch-picnic-bumz-2-pack-jenny-and-olsen,https://cdn.shopify.com/s/files/1/0268/1117/1011/products/bumbumz-75-inch-picnic-bumz-2-pack-jenny-and-olsen-996843.jpg?v=1695139093&width=275
Bumbumz 7.5 Inch Picnic Bumz 2 Pack - Jenny And Blake,$21.98,https://owlandgoosegifts.com/collections/bumbumz/products/bumbumz-7-5-inch-picnic-bumz-2-pack-jenny-and-blake,https://cdn.shopify.com/s/files/1/0268/1117/1011/products/bumbumz-75-inch-picnic-bumz-2-pack-jenny-and-blake-346443.jpg?v=1695139093&width=275
"Bumbumz 7.5 Inch Groovy Bumz Set Of 6 - Petra, Randy, Giovanni, Faye, Demi, Vance",$59.99,https://owlandgoosegifts.com/collections/bumbumz/products/bumbumz-7-5-inch-groovy-bumz-set-of-6-petra-randy-giovanni-faye-demi-vance,https://cdn.shopify.com/s/files/1/0268/1117/1011/products/bbgroovyset-bumbumz-75-inch-groovy-bumz-set-of-6-petra-randy-giovanni-faye-demi-vance-415251.jpg?v=1695139093&width=275
"Bumbumz 7.5 Inch Takeout Bumz Set Of 6 - Spence, Rufus, Tim, Seth, Shah, Dylan",$59.99,https://owlandgoosegifts.com/collections/bumbumz/products/bumbumz-7-5-inch-takeout-bumz-set-of-6-spence-rufus-tim-seth-shah-dylan,https://cdn.shopify.com/s/files/1/0268/1117/1011/products/bbtakeoutset-bumbumz-75-inch-takeout-bumz-set-of-6-spence-rufus-tim-seth-shah-dylan-820083.jpg?v=1695139094&width=275
"Bumbumz 7.5 Inch Picnic Bumz Set Of 6 - Heidi, Craig, Blake, Jenny, Sally, Olsen",$59.99,https://owlandgoosegifts.com/collections/bumbumz/products/bumbumz-7-5-inch-picnic-bumz-set-of-6-heidi-craig-blake-jenny-sally-olsen,https://cdn.shopify.com/s/files/1/0268/1117/1011/products/bbpicnicset-bumbumz-75-inch-picnic-bumz-set-of-6-heidi-craig-blake-jenny-sally-olsen-176969.jpg?v=1695139094&width=275
Bum Bumz 7.5 Inch Randy The Record Groovy Bumz Plush Toy,$10.99,https://owlandgoosegifts.com/collections/bumbumz/products/bum-bumz-7-5-inch-randy-the-record-groovy-bumz-plush-toy,https://cdn.shopify.com/s/files/1/0268/1117/1011/products/bb-ranrec-bum-bumz-75-inch-randy-the-record-groovy-bumz-plush-toy-492565.jpg?v=1695139088&width=275
Bum Bumz 7.5 Inch Petra The Peace Sign Groovy Bumz Plush Toy,$10.99,https://owlandgoosegifts.com/collections/bumbumz/products/bum-bumz-7-5-inch-petra-the-peace-sign-groovy-bumz-plush-toy,https://cdn.shopify.com/s/files/1/0268/1117/1011/products/bb-petpea-bum-bumz-75-inch-petra-the-peace-sign-groovy-bumz-plush-toy-536406.jpg?v=1695139088&width=275
Bum Bumz 7.5 Inch Giovanni The Guitar Groovy Bumz Plush Toy,$10.99,https://owlandgoosegifts.com/collections/bumbumz/products/bum-bumz-7-5-inch-giovanni-the-guitar-groovy-bumz-plush-toy,https://cdn.shopify.com/s/files/1/0268/1117/1011/products/bb-giogui-bum-bumz-75-inch-giovanni-the-guitar-groovy-bumz-plush-toy-396859.jpg?v=1695139084&width=275
Bum Bumz 7.5 Inch Vance The Van Groovy Bumz Plush Toy,$10.99,https://owlandgoosegifts.com/collections/bumbumz/products/bum-bumz-7-5-inch-vance-the-van-groovy-bumz-plush-toy,https://cdn.shopify.com/s/files/1/0268/1117/1011/products/bb-vanvan-bum-bumz-75-inch-vance-the-van-groovy-bumz-plush-toy-559608.jpg?v=1695139092&width=275
Bum Bumz 7.5 Inch Faye The Tie Dye Flower Groovy Bumz Plush Toy,$10.99,https://owlandgoosegifts.com/collections/bumbumz/products/bum-bumz-7-5-inch-faye-the-tie-dye-flower-groovy-bumz-plush-toy,https://cdn.shopify.com/s/files/1/0268/1117/1011/products/bb-fayflo-bum-bumz-75-inch-faye-the-tie-dye-flower-groovy-bumz-plush-toy-516989.jpg?v=1695139084&width=275
Bum Bumz 7.5 Inch Demi The Disco Ball Groovy Bumz Plush Toy,$10.99,https://owlandgoosegifts.com/collections/bumbumz/products/bum-bumz-7-5-inch-demi-the-disco-ball-groovy-bumz-plush-toy,https://cdn.shopify.com/s/files/1/0268/1117/1011/products/bb-demdis-bum-bumz-75-inch-demi-the-disco-ball-groovy-bumz-plush-toy-181830.jpg?v=1695139080&width=275
Bum Bumz 7.5 Inch Rufus The Ramen Takeout Bumz Plush Toy,$10.99,https://owlandgoosegifts.com/collections/bumbumz/products/bum-bumz-7-5-inch-rufus-the-ramen-takeout-bumz-plush-toy,https://cdn.shopify.com/s/files/1/0268/1117/1011/products/bb-rufram-bum-bumz-75-inch-rufus-the-ramen-takeout-bumz-plush-toy-648698.jpg?v=1695139088&width=275
Bum Bumz 7.5 Inch Spence The Soy Sauce Takeout Bumz Plush Toy,$10.99,https://owlandgoosegifts.com/collections/bumbumz/products/bum-bumz-7-5-inch-spence-the-soy-sauce-takeout-bumz-plush-toy,https://cdn.shopify.com/s/files/1/0268/1117/1011/products/bb-spesoy-bum-bumz-75-inch-spence-the-soy-sauce-takeout-bumz-plush-toy-406628.jpg?v=1695139089&width=275
Bum Bumz 7.5 Inch Tim The Tempura Shrimp Takeout Bumz Plush Toy,$10.99,https://owlandgoosegifts.com/collections/bumbumz/products/bum-bumz-7-5-inch-tim-the-tempura-shrimp-takeout-bumz-plush-toy,https://cdn.shopify.com/s/files/1/0268/1117/1011/products/bb-timtem-bum-bumz-75-inch-tim-the-tempura-shrimp-takeout-bumz-plush-toy-511922.jpg?v=1695139097&width=275
Bum Bumz 7.5 Inch Seth The Sashimi Takeout Bumz Plush Toy,$10.99,https://owlandgoosegifts.com/collections/bumbumz/products/bum-bumz-7-5-inch-seth-the-sashimi-takeout-bumz-plush-toy,https://cdn.shopify.com/s/files/1/0268/1117/1011/products/bb-setsas-bum-bumz-75-inch-seth-the-sashimi-takeout-bumz-plush-toy-760427.jpg?v=1695139088&width=275
Bum Bumz 7.5 Inch Shah The Sushi Takeout Bumz Plush Toy,$10.99,https://owlandgoosegifts.com/collections/bumbumz/products/bum-bumz-7-5-inch-shah-the-sushi-takeout-bumz-plush-toy,https://cdn.shopify.com/s/files/1/0268/1117/1011/products/bb-shasus-bum-bumz-75-inch-shah-the-sushi-takeout-bumz-plush-toy-309070.jpg?v=1695139088&width=275
Bum Bumz 7.5 Inch Dylan The Dim Sum Takeout Bumz Plush Toy,$10.99,https://owlandgoosegifts.com/collections/bumbumz/products/bum-bumz-7-5-inch-dylan-the-dumpling-takeout-bumz-plush-toy,https://cdn.shopify.com/s/files/1/0268/1117/1011/products/bb-dyldum-bum-bumz-75-inch-dylan-the-dim-sum-takeout-bumz-plush-toy-484316.jpg?v=1695139081&width=275
Bum Bumz 7.5 Inch Sally The Salami Picnic Bumz Plush Toy,$10.99,https://owlandgoosegifts.com/collections/bumbumz/products/bum-bumz-7-5-inch-salty-the-sausage-picnic-bumz-plush-toy,https://cdn.shopify.com/s/files/1/0268/1117/1011/products/bb-salsau-bum-bumz-75-inch-sally-the-salami-picnic-bumz-plush-toy-466957.jpg?v=1695139087&width=275
Bum Bumz 7.5 Inch Olsen The Olive Picnic Bumz Plush Toy,$10.99,https://owlandgoosegifts.com/collections/bumbumz/products/bum-bumz-7-5-inch-olsen-the-olive-picnic-bumz-plush-toy,https://cdn.shopify.com/s/files/1/0268/1117/1011/products/bb-olsoli-bum-bumz-75-inch-olsen-the-olive-picnic-bumz-plush-toy-939494.webp?v=1695139088&width=275
Bum Bumz 7.5 Inch Craig The Cracker Picnic Bumz Plush Toy,$10.99,https://owlandgoosegifts.com/collections/bumbumz/products/bum-bumz-7-5-inch-claire-the-cookie-picnic-bumz-plush-toy,https://cdn.shopify.com/s/files/1/0268/1117/1011/products/bb-clacoo-bum-bumz-75-inch-craig-the-cracker-picnic-bumz-plush-toy-552182.jpg?v=1695139079&width=275
Bum Bumz 7.5 Inch Jenny The Jam Picnic Bumz Plush Toy,$10.99,https://owlandgoosegifts.com/collections/bumbumz/products/bum-bumz-7-5-inch-jenny-the-jam-picnic-bumz-plush-toy,https://cdn.shopify.com/s/files/1/0268/1117/1011/products/bb-jenjam-bum-bumz-75-inch-jenny-the-jam-picnic-bumz-plush-toy-123108.webp?v=1695139084&width=275
Bum Bumz 7.5 Inch Heidi The Honey Picnic Bumz Plush Toy,$10.99,https://owlandgoosegifts.com/collections/bumbumz/products/bum-bumz-7-5-inch-heidi-the-honey-picnic-bumz-plush-toy,https://cdn.shopify.com/s/files/1/0268/1117/1011/products/bb-heihon-bum-bumz-75-inch-heidi-the-honey-picnic-bumz-plush-toy-119361.jpg?v=1695139085&width=275
Bum Bumz 7.5 Inch Blake The Bleu Cheese Picnic Bumz Plush Toy,$10.99,https://owlandgoosegifts.com/collections/bumbumz/products/bum-bumz-7-5-inch-blake-the-bleu-cheese-picnic-bumz-plush-toy,https://cdn.shopify.com/s/files/1/0268/1117/1011/products/bb-blablu-bum-bumz-75-inch-blake-the-bleu-cheese-picnic-bumz-plush-toy-149811.jpg?v=1695139080&width=275
"Bumbumz 7.5 Inch Holiday Bumz Set Of 6 - Penelope, Marci, Gabrielle, Yano, Tinsel, Paulo",$54.99,https://owlandgoosegifts.com/collections/bumbumz/products/bumbumz-7-5-inch-holiday-bumz-set-of-6-cyrus-sunday-melissa-timothy-colton-pattie,https://cdn.shopify.com/s/files/1/0268/1117/1011/products/bumbumz-75-inch-holiday-bumz-set-of-6-penelope-marci-gabrielle-yano-tinsel-paulo-377168.jpg?v=1682524915&width=275
"Bumbumz 7.5 Inch Breakfast Bumz Set Of 6 - Cyrus, Sunday, Melissa, Timothy, Colton, Pattie",$54.99,https://owlandgoosegifts.com/collections/bumbumz/products/copy-of-bumbumz-7-5-inch-breakfast-bumz-set-of-6-cyrus-sunday-melissa-timothy-colton-pattie,https://cdn.shopify.com/s/files/1/0268/1117/1011/products/bb-bfastset-bumbumz-75-inch-breakfast-bumz-set-of-6-cyrus-sunday-melissa-timothy-colton-pattie-452562.jpg?v=1682524910&width=275
Bumbumz 7.5 Inch Sunny The Sunflower Yellow Flower Plush Toy,$9.99,https://owlandgoosegifts.com/collections/bumbumz/products/bumbumz-7-5-inch-sunny-the-sunflower-yellow-flower-plush-toy,https://cdn.shopify.com/s/files/1/0268/1117/1011/products/bb-sunsun-bumbumz-75-inch-sunny-the-sunflower-yellow-flower-plush-toy-605749.jpg?v=1682524918&width=275
Bumbumz 7.5 Inch Danielle The Daisy White Flower Plush Toy,$9.99,https://owlandgoosegifts.com/collections/bumbumz/products/bumbumz-7-5-inch-danielle-the-daisy-plush-toy,https://cdn.shopify.com/s/files/1/0268/1117/1011/products/bb-dandai-bumbumz-75-inch-danielle-the-daisy-white-flower-plush-toy-718413.jpg?v=1682524911&width=275
Bumbumz 7.5 Inch Mateo The Mushroom Plush Toy,$9.99,https://owlandgoosegifts.com/collections/bumbumz/products/bumbumz-7-5-inch-mateo-the-mushroom-plush-toy,https://cdn.shopify.com/s/files/1/0268/1117/1011/products/bb-matmus-bumbumz-75-inch-mateo-the-mushroom-plush-toy-661613.jpg?v=1682524916&width=275
Bumbumz 7.5 Inch Bianca The Bee Plush Toy,$9.99,https://owlandgoosegifts.com/collections/bumbumz/products/bumbumz-7-5-inch-bianca-the-bee-plush-toy,https://cdn.shopify.com/s/files/1/0268/1117/1011/products/bb-biabee-bumbumz-75-inch-bianca-the-bee-plush-toy-751401.jpg?v=1682524910&width=275
Bumbumz 7.5 Inch Greta The Gnome Plush Toy,$9.99,https://owlandgoosegifts.com/collections/bumbumz/products/bumbumz-7-5-inch-greta-the-gnome-plush-toy,https://cdn.shopify.com/s/files/1/0268/1117/1011/products/bb-gregno-bumbumz-75-inch-greta-the-gnome-plush-toy-891320.jpg?v=1682524912&width=275
Bumbumz 7.5 Inch Sullivan The Snail Plush Toy,$9.99,https://owlandgoosegifts.com/collections/bumbumz/products/bumbumz-7-5-inch-sullivan-the-snail-plush-toy,https://cdn.shopify.com/s/files/1/0268/1117/1011/products/bb-sulsna-bumbumz-75-inch-sullivan-the-snail-plush-toy-520444.jpg?v=1682524918&width=275
Bumbumz 7.5 Inch Melissa The Muffin Plush Toy,$9.99,https://owlandgoosegifts.com/collections/bumbumz/products/bumbumz-7-5-inch-melissa-the-muffin-plush-toy,https://cdn.shopify.com/s/files/1/0268/1117/1011/products/bb-melmuf-bumbumz-75-inch-melissa-the-muffin-plush-toy-220385.jpg?v=1682524917&width=275
"Bumbumz 7.5 Inch Funday Bumz Set Of 6 - Troy, Freddy, Jason, Fannie, Peter, Bennet",$59.99,https://owlandgoosegifts.com/collections/bumbumz/products/bumbumz-7-5-inch-funday-bumz-set-of-6-troy-freddy-jason-fannie-peter-bennet,https://cdn.shopify.com/s/files/1/0268/1117/1011/files/FullSizeRender_80d32b6f-ddeb-418f-abf2-153a7583d31a.jpg?v=1698176830&width=275
"Bumbumz 7.5 Inch Kitchen Bumz Set Of 6 - Cabel, Pixie, Bonnie, Samora, Sergio, Phoenix",$59.99,https://owlandgoosegifts.com/collections/bumbumz/products/bumbumz-7-5-inch-kitchen-bumz-set-of-6-cabel-pixie-bonnie-samora-sergio-phoenix,https://cdn.shopify.com/s/files/1/0268/1117/1011/files/FullSizeRender_76fb4fa4-ad2c-4804-b6b0-90e9e808748d.jpg?v=1698176830&width=275
Bum Bumz 7.5 Inch Sergio The Slow Cooker Plush Toy,$10.99,https://owlandgoosegifts.com/collections/bumbumz/products/bum-bumz-7-5-inch-sergio-the-slow-cooker-plush-toy,https://cdn.shopify.com/s/files/1/0268/1117/1011/files/IMG-1657.jpg?v=1698176830&width=275
Bum Bumz 7.5 Inch Samara The Salt Plush Toy,$10.99,https://owlandgoosegifts.com/collections/bumbumz/products/bum-bumz-7-5-inch-samara-the-salt-plush-toy,https://cdn.shopify.com/s/files/1/0268/1117/1011/files/IMG-1656.jpg?v=1698176830&width=275
Bum Bumz 7.5 Inch Phoenix The Pepper Plush Toy,$10.99,https://owlandgoosegifts.com/collections/bumbumz/products/bum-bumz-7-5-inch-phoenix-the-pepper-plush-toy,https://cdn.shopify.com/s/files/1/0268/1117/1011/files/IMG-1649.jpg?v=1698176830&width=275
Bum Bumz 7.5 Inch Bonnie The Blender Plush Toy,$10.99,https://owlandgoosegifts.com/collections/bumbumz/products/bum-bumz-7-5-inch-bonnie-the-blender-plush-toy,https://cdn.shopify.com/s/files/1/0268/1117/1011/files/IMG-1653.jpg?v=1698176830&width=275
Bum Bumz 7.5 Inch Cabel The Chef Hat Plush Toy,$10.99,https://owlandgoosegifts.com/collections/bumbumz/products/bum-bumz-7-5-inch-cabel-the-chef-hat-plush-toy,https://cdn.shopify.com/s/files/1/0268/1117/1011/files/IMG-1654.jpg?v=1698176830&width=275
Bum Bumz 7.5 Inch Pixie The Pan Plush Toy,$10.99,https://owlandgoosegifts.com/collections/bumbumz/products/bum-bumz-7-5-inch-pixie-the-pan-plush-toy,https://cdn.shopify.com/s/files/1/0268/1117/1011/files/IMG-1655.jpg?v=1698176830&width=275
Bum Bumz 7.5 Inch Peter The Pig In A Blanket Plush Toy,$10.99,https://owlandgoosegifts.com/collections/bumbumz/products/bum-bumz-7-5-inch-peter-the-pig-in-a-blanket-plush-toy,https://cdn.shopify.com/s/files/1/0268/1117/1011/files/IMG-1651.jpg?v=1698176830&width=275
Bum Bumz 7.5 Inch Bennet The Blue Cheese Wing Plush Toy,$10.99,https://owlandgoosegifts.com/collections/bumbumz/products/bum-bumz-7-5-inch-bennet-the-blue-cheese-wing-plush-toy,https://cdn.shopify.com/s/files/1/0268/1117/1011/files/IMG-1650.jpg?v=1698176831&width=275
Bum Bumz 7.5 Inch Freddy The Football Plush Toy,$10.99,https://owlandgoosegifts.com/collections/bumbumz/products/bum-bumz-7-5-inch-freddy-the-football-plush-toy,https://cdn.shopify.com/s/files/1/0268/1117/1011/files/IMG-1652.jpg?v=1698176830&width=275
Bum Bumz 7.5 Inch Fannie The Foam Finger Plush Toy,$10.99,https://owlandgoosegifts.com/collections/bumbumz/products/bum-bumz-7-5-inch-fannie-the-foam-finger-plush-toy,https://cdn.shopify.com/s/files/1/0268/1117/1011/files/IMG-1646.jpg?v=1698176830&width=275
Bum Bumz 7.5 Inch Jason The Jar Of Nacho Cheese Plush Toy,$10.99,https://owlandgoosegifts.com/collections/bumbumz/products/bum-bumz-7-5-inch-jason-the-jar-of-nacho-cheese-plush-toy,https://cdn.shopify.com/s/files/1/0268/1117/1011/files/IMG-1647.jpg?v=1698176830&width=275
Bum Bumz 7.5 Inch Tory The Tortilla Chip Plush Toy,$10.99,https://owlandgoosegifts.com/collections/bumbumz/products/bum-bumz-7-5-inch-troy-the-tortilla-chip-plush-toy,https://cdn.shopify.com/s/files/1/0268/1117/1011/files/IMG-1648.jpg?v=1698176830&width=275
Bumbumz 7.5 Inch Picnic Bumz 2 Pack - Jenny And Sally,$21.98,https://owlandgoosegifts.com/collections/bumbumz/products/bumbumz-7-5-inch-picnic-bumz-2-pack-jenny-and-sally,https://cdn.shopify.com/s/files/1/0268/1117/1011/products/bumbumz-75-inch-picnic-bumz-2-pack-jenny-and-sally-530251.jpg?v=1695139094&width=275
Bumbumz 7.5 Inch Picnic Bumz 2 Pack - Jenny And Craig,$21.98,https://owlandgoosegifts.com/collections/bumbumz/products/bumbumz-7-5-inch-picnic-bumz-2-pack-jenny-and-craig,https://cdn.shopify.com/s/files/1/0268/1117/1011/products/bumbumz-75-inch-picnic-bumz-2-pack-jenny-and-craig-330858.jpg?v=1695139093&width=275
Bumbumz 7.5 Inch Picnic Bumz 2 Pack - Jenny And Olsen,$21.98,https://owlandgoosegifts.com/collections/bumbumz/products/bumbumz-7-5-inch-picnic-bumz-2-pack-jenny-and-olsen,https://cdn.shopify.com/s/files/1/0268/1117/1011/products/bumbumz-75-inch-picnic-bumz-2-pack-jenny-and-olsen-996843.jpg?v=1695139093&width=275
Bumbumz 7.5 Inch Picnic Bumz 2 Pack - Jenny And Blake,$21.98,https://owlandgoosegifts.com/collections/bumbumz/products/bumbumz-7-5-inch-picnic-bumz-2-pack-jenny-and-blake,https://cdn.shopify.com/s/files/1/0268/1117/1011/products/bumbumz-75-inch-picnic-bumz-2-pack-jenny-and-blake-346443.jpg?v=1695139093&width=275
"Bumbumz 7.5 Inch Groovy Bumz Set Of 6 - Petra, Randy, Giovanni, Faye, Demi, Vance",$59.99,https://owlandgoosegifts.com/collections/bumbumz/products/bumbumz-7-5-inch-groovy-bumz-set-of-6-petra-randy-giovanni-faye-demi-vance,https://cdn.shopify.com/s/files/1/0268/1117/1011/products/bbgroovyset-bumbumz-75-inch-groovy-bumz-set-of-6-petra-randy-giovanni-faye-demi-vance-415251.jpg?v=1695139093&width=275
"Bumbumz 7.5 Inch Takeout Bumz Set Of 6 - Spence, Rufus, Tim, Seth, Shah, Dylan",$59.99,https://owlandgoosegifts.com/collections/bumbumz/products/bumbumz-7-5-inch-takeout-bumz-set-of-6-spence-rufus-tim-seth-shah-dylan,https://cdn.shopify.com/s/files/1/0268/1117/1011/products/bbtakeoutset-bumbumz-75-inch-takeout-bumz-set-of-6-spence-rufus-tim-seth-shah-dylan-820083.jpg?v=1695139094&width=275
"Bumbumz 7.5 Inch Picnic Bumz Set Of 6 - Heidi, Craig, Blake, Jenny, Sally, Olsen",$59.99,https://owlandgoosegifts.com/collections/bumbumz/products/bumbumz-7-5-inch-picnic-bumz-set-of-6-heidi-craig-blake-jenny-sally-olsen,https://cdn.shopify.com/s/files/1/0268/1117/1011/products/bbpicnicset-bumbumz-75-inch-picnic-bumz-set-of-6-heidi-craig-blake-jenny-sally-olsen-176969.jpg?v=1695139094&width=275
Bum Bumz 7.5 Inch Randy The Record Groovy Bumz Plush Toy,$10.99,https://owlandgoosegifts.com/collections/bumbumz/products/bum-bumz-7-5-inch-randy-the-record-groovy-bumz-plush-toy,https://cdn.shopify.com/s/files/1/0268/1117/1011/products/bb-ranrec-bum-bumz-75-inch-randy-the-record-groovy-bumz-plush-toy-492565.jpg?v=1695139088&width=275
Bum Bumz 7.5 Inch Petra The Peace Sign Groovy Bumz Plush Toy,$10.99,https://owlandgoosegifts.com/collections/bumbumz/products/bum-bumz-7-5-inch-petra-the-peace-sign-groovy-bumz-plush-toy,https://cdn.shopify.com/s/files/1/0268/1117/1011/products/bb-petpea-bum-bumz-75-inch-petra-the-peace-sign-groovy-bumz-plush-toy-536406.jpg?v=1695139088&width=275
Bum Bumz 7.5 Inch Giovanni The Guitar Groovy Bumz Plush Toy,$10.99,https://owlandgoosegifts.com/collections/bumbumz/products/bum-bumz-7-5-inch-giovanni-the-guitar-groovy-bumz-plush-toy,https://cdn.shopify.com/s/files/1/0268/1117/1011/products/bb-giogui-bum-bumz-75-inch-giovanni-the-guitar-groovy-bumz-plush-toy-396859.jpg?v=1695139084&width=275
Bum Bumz 7.5 Inch Vance The Van Groovy Bumz Plush Toy,$10.99,https://owlandgoosegifts.com/collections/bumbumz/products/bum-bumz-7-5-inch-vance-the-van-groovy-bumz-plush-toy,https://cdn.shopify.com/s/files/1/0268/1117/1011/products/bb-vanvan-bum-bumz-75-inch-vance-the-van-groovy-bumz-plush-toy-559608.jpg?v=1695139092&width=275
Bum Bumz 7.5 Inch Faye The Tie Dye Flower Groovy Bumz Plush Toy,$10.99,https://owlandgoosegifts.com/collections/bumbumz/products/bum-bumz-7-5-inch-faye-the-tie-dye-flower-groovy-bumz-plush-toy,https://cdn.shopify.com/s/files/1/0268/1117/1011/products/bb-fayflo-bum-bumz-75-inch-faye-the-tie-dye-flower-groovy-bumz-plush-toy-516989.jpg?v=1695139084&width=275
Bum Bumz 7.5 Inch Demi The Disco Ball Groovy Bumz Plush Toy,$10.99,https://owlandgoosegifts.com/collections/bumbumz/products/bum-bumz-7-5-inch-demi-the-disco-ball-groovy-bumz-plush-toy,https://cdn.shopify.com/s/files/1/0268/1117/1011/products/bb-demdis-bum-bumz-75-inch-demi-the-disco-ball-groovy-bumz-plush-toy-181830.jpg?v=1695139080&width=275
Bum Bumz 7.5 Inch Rufus The Ramen Takeout Bumz Plush Toy,$10.99,https://owlandgoosegifts.com/collections/bumbumz/products/bum-bumz-7-5-inch-rufus-the-ramen-takeout-bumz-plush-toy,https://cdn.shopify.com/s/files/1/0268/1117/1011/products/bb-rufram-bum-bumz-75-inch-rufus-the-ramen-takeout-bumz-plush-toy-648698.jpg?v=1695139088&width=275
Bum Bumz 7.5 Inch Spence The Soy Sauce Takeout Bumz Plush Toy,$10.99,https://owlandgoosegifts.com/collections/bumbumz/products/bum-bumz-7-5-inch-spence-the-soy-sauce-takeout-bumz-plush-toy,https://cdn.shopify.com/s/files/1/0268/1117/1011/products/bb-spesoy-bum-bumz-75-inch-spence-the-soy-sauce-takeout-bumz-plush-toy-406628.jpg?v=1695139089&width=275
Bum Bumz 7.5 Inch Tim The Tempura Shrimp Takeout Bumz Plush Toy,$10.99,https://owlandgoosegifts.com/collections/bumbumz/products/bum-bumz-7-5-inch-tim-the-tempura-shrimp-takeout-bumz-plush-toy,https://cdn.shopify.com/s/files/1/0268/1117/1011/products/bb-timtem-bum-bumz-75-inch-tim-the-tempura-shrimp-takeout-bumz-plush-toy-511922.jpg?v=1695139097&width=275
Bum Bumz 7.5 Inch Seth The Sashimi Takeout Bumz Plush Toy,$10.99,https://owlandgoosegifts.com/collections/bumbumz/products/bum-bumz-7-5-inch-seth-the-sashimi-takeout-bumz-plush-toy,https://cdn.shopify.com/s/files/1/0268/1117/1011/products/bb-setsas-bum-bumz-75-inch-seth-the-sashimi-takeout-bumz-plush-toy-760427.jpg?v=1695139088&width=275
Bum Bumz 7.5 Inch Shah The Sushi Takeout Bumz Plush Toy,$10.99,https://owlandgoosegifts.com/collections/bumbumz/products/bum-bumz-7-5-inch-shah-the-sushi-takeout-bumz-plush-toy,https://cdn.shopify.com/s/files/1/0268/1117/1011/products/bb-shasus-bum-bumz-75-inch-shah-the-sushi-takeout-bumz-plush-toy-309070.jpg?v=1695139088&width=275
Bum Bumz 7.5 Inch Dylan The Dim Sum Takeout Bumz Plush Toy,$10.99,https://owlandgoosegifts.com/collections/bumbumz/products/bum-bumz-7-5-inch-dylan-the-dumpling-takeout-bumz-plush-toy,https://cdn.shopify.com/s/files/1/0268/1117/1011/products/bb-dyldum-bum-bumz-75-inch-dylan-the-dim-sum-takeout-bumz-plush-toy-484316.jpg?v=1695139081&width=275
Bum Bumz 7.5 Inch Sally The Salami Picnic Bumz Plush Toy,$10.99,https://owlandgoosegifts.com/collections/bumbumz/products/bum-bumz-7-5-inch-salty-the-sausage-picnic-bumz-plush-toy,https://cdn.shopify.com/s/files/1/0268/1117/1011/products/bb-salsau-bum-bumz-75-inch-sally-the-salami-picnic-bumz-plush-toy-466957.jpg?v=1695139087&width=275
Bum Bumz 7.5 Inch Olsen The Olive Picnic Bumz Plush Toy,$10.99,https://owlandgoosegifts.com/collections/bumbumz/products/bum-bumz-7-5-inch-olsen-the-olive-picnic-bumz-plush-toy,https://cdn.shopify.com/s/files/1/0268/1117/1011/products/bb-olsoli-bum-bumz-75-inch-olsen-the-olive-picnic-bumz-plush-toy-939494.webp?v=1695139088&width=275
Bum Bumz 7.5 Inch Craig The Cracker Picnic Bumz Plush Toy,$10.99,https://owlandgoosegifts.com/collections/bumbumz/products/bum-bumz-7-5-inch-claire-the-cookie-picnic-bumz-plush-toy,https://cdn.shopify.com/s/files/1/0268/1117/1011/products/bb-clacoo-bum-bumz-75-inch-craig-the-cracker-picnic-bumz-plush-toy-552182.jpg?v=1695139079&width=275
Bum Bumz 7.5 Inch Jenny The Jam Picnic Bumz Plush Toy,$10.99,https://owlandgoosegifts.com/collections/bumbumz/products/bum-bumz-7-5-inch-jenny-the-jam-picnic-bumz-plush-toy,https://cdn.shopify.com/s/files/1/0268/1117/1011/products/bb-jenjam-bum-bumz-75-inch-jenny-the-jam-picnic-bumz-plush-toy-123108.webp?v=1695139084&width=275
Bum Bumz 7.5 Inch Heidi The Honey Picnic Bumz Plush Toy,$10.99,https://owlandgoosegifts.com/collections/bumbumz/products/bum-bumz-7-5-inch-heidi-the-honey-picnic-bumz-plush-toy,https://cdn.shopify.com/s/files/1/0268/1117/1011/products/bb-heihon-bum-bumz-75-inch-heidi-the-honey-picnic-bumz-plush-toy-119361.jpg?v=1695139085&width=275
Bum Bumz 7.5 Inch Blake The Bleu Cheese Picnic Bumz Plush Toy,$10.99,https://owlandgoosegifts.com/collections/bumbumz/products/bum-bumz-7-5-inch-blake-the-bleu-cheese-picnic-bumz-plush-toy,https://cdn.shopify.com/s/files/1/0268/1117/1011/products/bb-blablu-bum-bumz-75-inch-blake-the-bleu-cheese-picnic-bumz-plush-toy-149811.jpg?v=1695139080&width=275
"Bumbumz 7.5 Inch Holiday Bumz Set Of 6 - Penelope, Marci, Gabrielle, Yano, Tinsel, Paulo",$54.99,https://owlandgoosegifts.com/collections/bumbumz/products/bumbumz-7-5-inch-holiday-bumz-set-of-6-cyrus-sunday-melissa-timothy-colton-pattie,https://cdn.shopify.com/s/files/1/0268/1117/1011/products/bumbumz-75-inch-holiday-bumz-set-of-6-penelope-marci-gabrielle-yano-tinsel-paulo-377168.jpg?v=1682524915&width=275
"Bumbumz 7.5 Inch Breakfast Bumz Set Of 6 - Cyrus, Sunday, Melissa, Timothy, Colton, Pattie",$54.99,https://owlandgoosegifts.com/collections/bumbumz/products/copy-of-bumbumz-7-5-inch-breakfast-bumz-set-of-6-cyrus-sunday-melissa-timothy-colton-pattie,https://cdn.shopify.com/s/files/1/0268/1117/1011/products/bb-bfastset-bumbumz-75-inch-breakfast-bumz-set-of-6-cyrus-sunday-melissa-timothy-colton-pattie-452562.jpg?v=1682524910&width=275
Bumbumz 7.5 Inch Sunny The Sunflower Yellow Flower Plush Toy,$9.99,https://owlandgoosegifts.com/collections/bumbumz/products/bumbumz-7-5-inch-sunny-the-sunflower-yellow-flower-plush-toy,https://cdn.shopify.com/s/files/1/0268/1117/1011/products/bb-sunsun-bumbumz-75-inch-sunny-the-sunflower-yellow-flower-plush-toy-605749.jpg?v=1682524918&width=275
Bumbumz 7.5 Inch Danielle The Daisy White Flower Plush Toy,$9.99,https://owlandgoosegifts.com/collections/bumbumz/products/bumbumz-7-5-inch-danielle-the-daisy-plush-toy,https://cdn.shopify.com/s/files/1/0268/1117/1011/products/bb-dandai-bumbumz-75-inch-danielle-the-daisy-white-flower-plush-toy-718413.jpg?v=1682524911&width=275
Bumbumz 7.5 Inch Mateo The Mushroom Plush Toy,$9.99,https://owlandgoosegifts.com/collections/bumbumz/products/bumbumz-7-5-inch-mateo-the-mushroom-plush-toy,https://cdn.shopify.com/s/files/1/0268/1117/1011/products/bb-matmus-bumbumz-75-inch-mateo-the-mushroom-plush-toy-661613.jpg?v=1682524916&width=275
Bumbumz 7.5 Inch Bianca The Bee Plush Toy,$9.99,https://owlandgoosegifts.com/collections/bumbumz/products/bumbumz-7-5-inch-bianca-the-bee-plush-toy,https://cdn.shopify.com/s/files/1/0268/1117/1011/products/bb-biabee-bumbumz-75-inch-bianca-the-bee-plush-toy-751401.jpg?v=1682524910&width=275
Bumbumz 7.5 Inch Greta The Gnome Plush Toy,$9.99,https://owlandgoosegifts.com/collections/bumbumz/products/bumbumz-7-5-inch-greta-the-gnome-plush-toy,https://cdn.shopify.com/s/files/1/0268/1117/1011/products/bb-gregno-bumbumz-75-inch-greta-the-gnome-plush-toy-891320.jpg?v=1682524912&width=275
Bumbumz 7.5 Inch Sullivan The Snail Plush Toy,$9.99,https://owlandgoosegifts.com/collections/bumbumz/products/bumbumz-7-5-inch-sullivan-the-snail-plush-toy,https://cdn.shopify.com/s/files/1/0268/1117/1011/products/bb-sulsna-bumbumz-75-inch-sullivan-the-snail-plush-toy-520444.jpg?v=1682524918&width=275
Bumbumz 7.5 Inch Melissa The Muffin Plush Toy,$9.99,https://owlandgoosegifts.com/collections/bumbumz/products/bumbumz-7-5-inch-melissa-the-muffin-plush-toy,https://cdn.shopify.com/s/files/1/0268/1117/1011/products/bb-melmuf-bumbumz-75-inch-melissa-the-muffin-plush-toy-220385.jpg?v=1682524917&width=275
